Workbook

Sheet Raw-Data
A1: ticket_id | B1: created_at | C1: customer_id | D1: channel | E1: priority | F1: category | G1: first_response_min | H1: resolution_min | I1: status | J1: satisfaction
A2: TCK-000001 | B2: 2025-07-01T00:00:00Z | C2: 1175 | D2: Chat | E2: Urgent | F2: Data import | G2: 3 | H2: 412 | I2: closed
A3: TCK-000002 | B3: 2025-07-01T08:45:36Z | C3: 1019 | D3: Social | E3: High | F3: Data import | G3: 34 | H3: 507 | I3: resolved
A4: TCK-000003 | B4: 2025-07-01T17:31:12Z | C4: 1278 | D4: Chat | E4: Urgent | F4: Performance | G4: 8 | H4: 305 | I4: closed
A5: TCK-000004 | B5: 2025-07-02T02:16:48Z | C5: 1448 | D5: Web form | E5: Normal | F5: Billing | G5: 65 | I5: open
A6: TCK-000005 | B6: 2025-07-02T11:02:24Z | C6: 1936 | D6: Email | E6: Low | F6: Feature request | G6: 431 | H6: 3785 | I6: closed | J6: 4
A7: TCK-000006 | B7: 2025-07-02T19:48:00Z | C7: 1471 | D7: Social | E7: Low | F7: Feature request | G7: 302 | H7: 1808 | I7: closed | J7: 1
A8: TCK-000007 | B8: 2025-07-03T04:33:36Z | C8: 1949 | D8: Web form | E8: Low | F8: Performance | G8: 206 | H8: 2717 | I8: closed | J8: 1
A9: TCK-000008 | B9: 2025-07-03T13:19:12Z | C9: 1968 | D9: Chat | E9: Normal | F9: Billing | G9: 85 | H9: 771 | I9: closed
A10: TCK-000009 | B10: 2025-07-03T22:04:48Z | C10: 1750 | D10: Chat | E10: Normal | F10: Integration | G10: 32 | I10: pending
A11: TCK-000010 | B11: 2025-07-04T06:50:24Z | C11: 1591 | D11: Phone | E11: Normal | F11: Integration | G11: 63 | H11: 1975 | I11: closed | J11: 2
A12: TCK-000011 | B12: 2025-07-04T15:36:00Z | C12: 1908 | D12: Chat | E12: High | F12: Data import | G12: 21 | H12: 174 | I12: resolved | J12: 1
A13: TCK-000012 | B13: 2025-07-05T00:21:36Z | C13: 1982 | D13: Social | E13: Low | F13: Performance | G13: 343 | H13: 6881 | I13: closed
A14: TCK-000013 | B14: 2025-07-05T09:07:12Z | C14: 1099 | D14: Web form | E14: Low | F14: Bug report | G14: 442 | H14: 6637 | I14: closed | J14: 1
A15: TCK-000014 | B15: 2025-07-05T17:52:48Z | C15: 1055 | D15: Web form | E15: Urgent | F15: Feature request | G15: 10 | H15: 406 | I15: closed
A16: TCK-000015 | B16: 2025-07-06T02:38:24Z | C16: 1214 | D16: Phone | E16: Low | F16: Export | G16: 122 | H16: 2695 | I16: resolved | J16: 3
A17: TCK-000016 | B17: 2025-07-06T11:24:00Z | C17: 1730 | D17: Web form | E17: Urgent | F17: Integration | G17: 3 | H17: 173 | I17: closed | J17: 2
A18: TCK-000017 | B18: 2025-07-06T20:09:36Z | C18: 1469 | D18: Phone | E18: Low | F18: Account | G18: 337 | H18: 6240 | I18: closed
A19: TCK-000018 | B19: 2025-07-07T04:55:12Z | C19: 1802 | D19: Email | E19: Normal | F19: Export | G19: 157 | I19: pending
A20: TCK-000019 | B20: 2025-07-07T13:40:48Z | C20: 1538 | D20: Social | E20: Normal | F20: Account | G20: 166 | H20: 1810 | I20: resolved
A21: TCK-000020 | B21: 2025-07-07T22:26:24Z | C21: 1295 | D21: Web form | E21: Urgent | F21: Login | G21: 3 | H21: 123 | I21: resolved | J21: 4
A22: TCK-000021 | B22: 2025-07-08T07:12:00Z | C22: 1646 | D22: Web form | E22: High | F22: Data import | G22: 15 | I22: open
A23: TCK-000022 | B23: 2025-07-08T15:57:36Z | C23: 1880 | D23: Social | E23: Normal | F23: Login | G23: 46 | I23: open
A24: TCK-000023 | B24: 2025-07-09T00:43:12Z | C24: 1808 | D24: Web form | E24: Low | F24: Performance | G24: 217 | H24: 6190 | I24: closed
A25: TCK-000024 | B25: 2025-07-09T09:28:48Z | C25: 1887 | D25: Social | E25: Low | F25: Integration | G25: 263 | H25: 7047 | I25: closed
A26: TCK-000025 | B26: 2025-07-09T18:14:24Z | C26: 1909 | D26: Phone | E26: Low | F26: Performance | G26: 446 | I26: open
A27: TCK-000026 | B27: 2025-07-10T03:00:00Z | C27: 1950 | D27: Chat | E27: Low | F27: Account | G27: 165 | I27: open
A28: TCK-000027 | B28: 2025-07-10T11:45:36Z | C28: 1028 | D28: Phone | E28: Normal | F28: Export | G28: 123 | H28: 792 | I28: resolved | J28: 2
A29: TCK-000028 | B29: 2025-07-10T20:31:12Z | C29: 1035 | D29: Web form | E29: High | F29: Feature request | G29: 24 | H29: 235 | I29: closed | J29: 4
A30: TCK-000029 | B30: 2025-07-11T05:16:48Z | C30: 1426 | D30: Chat | E30: Low | F30: Feature request | G30: 405 | H30: 4942 | I30: closed | J30: 3
A31: TCK-000030 | B31: 2025-07-11T14:02:24Z | C31: 1908 | D31: Phone | E31: Low | F31: Account | G31: 432 | H31: 2314 | I31: closed | J31: 3
A32: TCK-000031 | B32: 2025-07-11T22:48:00Z | C32: 1540 | D32: Web form | E32: Normal | F32: Billing | G32: 90 | I32: open
A33: TCK-000032 | B33: 2025-07-12T07:33:36Z | C33: 1059 | D33: Web form | E33: Urgent | F33: Bug report | G33: 2 | H33: 221 | I33: closed | J33: 4
A34: TCK-000033 | B34: 2025-07-12T16:19:12Z | C34: 1205 | D34: Email | E34: Urgent | F34: Data import | G34: 9 | H34: 422 | I34: resolved | J34: 3
A35: TCK-000034 | B35: 2025-07-13T01:04:48Z | C35: 1441 | D35: Email | E35: Normal | F35: Billing | G35: 150 | H35: 1715 | I35: closed | J35: 1
A36: TCK-000035 | B36: 2025-07-13T09:50:24Z | C36: 1403 | D36: Chat | E36: Normal | F36: Export | G36: 36 | H36: 3180 | I36: resolved
A37: TCK-000036 | B37: 2025-07-13T18:36:00Z | C37: 1702 | D37: Web form | E37: Low | F37: Integration | G37: 233 | H37: 2898 | I37: resolved
A38: TCK-000037 | B38: 2025-07-14T03:21:36Z | C38: 1041 | D38: Phone | E38: Urgent | F38: Integration | G38: 7 | H38: 427 | I38: closed | J38: 4
A39: TCK-000038 | B39: 2025-07-14T12:07:12Z | C39: 1169 | D39: Web form | E39: Low | F39: Bug report | G39: 335 | H39: 5407 | I39: closed
A40: TCK-000039 | B40: 2025-07-14T20:52:48Z | C40: 1116 | D40: Web form | E40: Normal | F40: Integration | G40: 103 | I40: open
A41: TCK-000040 | B41: 2025-07-15T05:38:24Z | C41: 1360 | D41: Social | E41: Low | F41: Feature request | G41: 148 | H41: 4350 | I41: resolved | J41: 3
A42: TCK-000041 | B42: 2025-07-15T14:24:00Z | C42: 1872 | D42: Email | E42: Urgent | F42: Login | G42: 11 | H42: 325 | I42: closed | J42: 5
A43: TCK-000042 | B43: 2025-07-15T23:09:36Z | C43: 1524 | D43: Web form | E43: Normal | F43: Bug report | G43: 177 | H43: 3585 | I43: resolved | J43: 4
A44: TCK-000043 | B44: 2025-07-16T07:55:12Z | C44: 1215 | D44: Social | E44: Normal | F44: Export | G44: 168 | H44: 1020 | I44: closed | J44: 3
A45: TCK-000044 | B45: 2025-07-16T16:40:48Z | C45: 1627 | D45: Web form | E45: Normal | F45: Data import | G45: 64 | H45: 2766 | I45: closed
A46: TCK-000045 | B46: 2025-07-17T01:26:24Z | C46: 1235 | D46: Web form | E46: Normal | F46: Integration | G46: 97 | H46: 2317 | I46: closed | J46: 3
A47: TCK-000046 | B47: 2025-07-17T10:12:00Z | C47: 1245 | D47: Social | E47: Urgent | F47: Data import | G47: 9 | I47: open
A48: TCK-000047 | B48: 2025-07-17T18:57:36Z | C48: 1286 | D48: Social | E48: Urgent | F48: Feature request | G48: 9 | H48: 272 | I48: closed | J48: 1
A49: TCK-000048 | B49: 2025-07-18T03:43:12Z | C49: 1286 | D49: Social | E49: High | F49: Account | G49: 29 | H49: 656 | I49: closed
A50: TCK-000049 | B50: 2025-07-18T12:28:48Z | C50: 1730 | D50: Social | E50: Low | F50: Billing | G50: 137 | H50: 7351 | I50: closed | J50: 3
A51: TCK-000050 | B51: 2025-07-18T21:14:24Z | C51: 1462 | D51: Email | E51: Normal | F51: Data import | G51: 84 | H51: 1972 | I51: closed | J51: 5
A52: TCK-000051 | B52: 2025-07-19T06:00:00Z | C52: 1656 | D52: Email | E52: Normal | F52: Data import | G52: 60 | H52: 1291 | I52: closed
A53: TCK-000052 | B53: 2025-07-19T14:45:36Z | C53: 1882 | D53: Phone | E53: Normal | F53: Data import | G53: 88 | I53: pending
A54: TCK-000053 | B54: 2025-07-19T23:31:12Z | C54: 1832 | D54: Phone | E54: Urgent | F54: Bug report | G54: 11 | H54: 305 | I54: closed | J54: 2
A55: TCK-000054 | B55: 2025-07-20T08:16:48Z | C55: 1691 | D55: Social | E55: Normal | F55: Performance | G55: 93 | H55: 2645 | I55: closed | J55: 4
A56: TCK-000055 | B56: 2025-07-20T17:02:24Z | C56: 1304 | D56: Social | E56: High | F56: Performance | G56: 38 | H56: 332 | I56: closed
A57: TCK-000056 | B57: 2025-07-21T01:48:00Z | C57: 1014 | D57: Web form | E57: High | F57: Login | G57: 45 | H57: 603 | I57: closed
A58: TCK-000057 | B58: 2025-07-21T10:33:36Z | C58: 1302 | D58: Email | E58: Normal | F58: Billing | G58: 135 | H58: 1536 | I58: resolved | J58: 5
A59: TCK-000058 | B59: 2025-07-21T19:19:12Z | C59: 1044 | D59: Phone | E59: Urgent | F59: Bug report | G59: 9 | H59: 253 | I59: closed
A60: TCK-000059 | B60: 2025-07-22T04:04:48Z | C60: 1852 | D60: Email | E60: Low | F60: Billing | G60: 334 | H60: 7272 | I60: resolved | J60: 5
A61: TCK-000060 | B61: 2025-07-22T12:50:24Z | C61: 1272 | D61: Email | E61: Low | F61: Feature request | G61: 358 | H61: 8804 | I61: resolved | J61: 4
A62: TCK-000061 | B62: 2025-07-22T21:36:00Z | C62: 1510 | D62: Chat | E62: Low | F62: Login | G62: 83 | H62: 5306 | I62: closed | J62: 4
A63: TCK-000062 | B63: 2025-07-23T06:21:36Z | C63: 1846 | D63: Social | E63: Normal | F63: Bug report | G63: 92 | H63: 2405 | I63: resolved | J63: 4
A64: TCK-000063 | B64: 2025-07-23T15:07:12Z | C64: 1505 | D64: Email | E64: Normal | F64: Login | G64: 37 | H64: 3555 | I64: closed | J64: 3
A65: TCK-000064 | B65: 2025-07-23T23:52:48Z | C65: 1163 | D65: Web form | E65: Normal | F65: Integration | G65: 82 | I65: pending
A66: TCK-000065 | B66: 2025-07-24T08:38:24Z | C66: 1467 | D66: Social | E66: Normal | F66: Data import | G66: 154 | H66: 953 | I66: closed | J66: 5
A67: TCK-000066 | B67: 2025-07-24T17:24:00Z | C67: 1727 | D67: Web form | E67: High | F67: Performance | G67: 18 | H67: 517 | I67: closed
A68: TCK-000067 | B68: 2025-07-25T02:09:36Z | C68: 1656 | D68: Social | E68: Normal | F68: Login | G68: 146 | I68: open
A69: TCK-000068 | B69: 2025-07-25T10:55:12Z | C69: 1142 | D69: Web form | E69: Low | F69: Performance | G69: 225 | H69: 4766 | I69: resolved | J69: 2
A70: TCK-000069 | B70: 2025-07-25T19:40:48Z | C70: 1767 | D70: Social | E70: Normal | F70: Account | G70: 127 | H70: 671 | I70: resolved | J70: 4
A71: TCK-000070 | B71: 2025-07-26T04:26:24Z | C71: 1103 | D71: Chat | E71: Normal | F71: Integration | G71: 150 | H71: 2818 | I71: closed
A72: TCK-000071 | B72: 2025-07-26T13:12:00Z | C72: 1188 | D72: Chat | E72: Low | F72: Export | G72: 98 | H72: 6022 | I72: resolved | J72: 2
A73: TCK-000072 | B73: 2025-07-26T21:57:36Z | C73: 1455 | D73: Phone | E73: Urgent | F73: Billing | G73: 9 | I73: open
A74: TCK-000073 | B74: 2025-07-27T06:43:12Z | C74: 1179 | D74: Phone | E74: Normal | F74: Integration | G74: 85 | H74: 3589 | I74: closed
A75: TCK-000074 | B75: 2025-07-27T15:28:48Z | C75: 1974 | D75: Phone | E75: Urgent | F75: Export | G75: 7 | H75: 253 | I75: closed | J75: 5
A76: TCK-000075 | B76: 2025-07-28T00:14:24Z | C76: 1401 | D76: Web form | E76: Urgent | F76: Performance | G76: 8 | H76: 196 | I76: closed | J76: 3
A77: TCK-000076 | B77: 2025-07-28T09:00:00Z | C77: 1780 | D77: Social | E77: Normal | F77: Bug report | G77: 100 | H77: 3400 | I77: resolved | J77: 2
A78: TCK-000077 | B78: 2025-07-28T17:45:36Z | C78: 1773 | D78: Email | E78: Normal | F78: Integration | G78: 75 | H78: 1890 | I78: closed | J78: 1
A79: TCK-000078 | B79: 2025-07-29T02:31:12Z | C79: 1827 | D79: Chat | E79: Normal | F79: Performance | G79: 110 | H79: 804 | I79: closed
A80: TCK-000079 | B80: 2025-07-29T11:16:48Z | C80: 1320 | D80: Email | E80: Urgent | F80: Bug report | G80: 12 | I80: open
A81: TCK-000080 | B81: 2025-07-29T20:02:24Z | C81: 1809 | D81: Email | E81: Low | F81: Integration | G81: 478 | H81: 7910 | I81: closed | J81: 1
A82: TCK-000081 | B82: 2025-07-30T04:48:00Z | C82: 1190 | D82: Chat | E82: Low | F82: Account | G82: 372 | I82: open
A83: TCK-000082 | B83: 2025-07-30T13:33:36Z | C83: 1525 | D83: Social | E83: Low | F83: Export | G83: 251 | H83: 8454 | I83: resolved
A84: TCK-000083 | B84: 2025-07-30T22:19:12Z | C84: 1223 | D84: Chat | E84: Normal | F84: Performance | G84: 154 | H84: 2138 | I84: closed | J84: 5
A85: TCK-000084 | B85: 2025-07-31T07:04:48Z | C85: 1500 | D85: Social | E85: Low | F85: Account | G85: 397 | H85: 4199 | I85: resolved | J85: 3
A86: TCK-000085 | B86: 2025-07-31T15:50:24Z | C86: 1134 | D86: Web form | E86: Urgent | F86: Bug report | G86: 8 | I86: pending
A87: TCK-000086 | B87: 2025-08-01T00:36:00Z | C87: 1988 | D87: Web form | E87: Urgent | F87: Billing | G87: 9 | H87: 171 | I87: closed
A88: TCK-000087 | B88: 2025-08-01T09:21:36Z | C88: 1483 | D88: Social | E88: Normal | F88: Billing | G88: 38 | I88: open
A89: TCK-000088 | B89: 2025-08-01T18:07:12Z | C89: 1668 | D89: Web form | E89: Low | F89: Feature request | G89: 144 | I89: open
A90: TCK-000089 | B90: 2025-08-02T02:52:48Z | C90: 1271 | D90: Web form | E90: Low | F90: Export | G90: 443 | H90: 4495 | I90: closed
A91: TCK-000090 | B91: 2025-08-02T11:38:24Z | C91: 1720 | D91: Phone | E91: High | F91: Billing | G91: 39 | H91: 1190 | I91: closed | J91: 2
A92: TCK-000091 | B92: 2025-08-02T20:24:00Z | C92: 1470 | D92: Social | E92: Low | F92: Bug report | G92: 363 | I92: pending
A93: TCK-000092 | B93: 2025-08-03T05:09:36Z | C93: 1646 | D93: Email | E93: Low | F93: Data import | G93: 278 | H93: 2252 | I93: closed | J93: 3
A94: TCK-000093 | B94: 2025-08-03T13:55:12Z | C94: 1486 | D94: Chat | E94: High | F94: Bug report | G94: 28 | I94: pending
A95: TCK-000094 | B95: 2025-08-03T22:40:48Z | C95: 1164 | D95: Email | E95: Low | F95: Export | G95: 182 | H95: 5584 | I95: closed
A96: TCK-000095 | B96: 2025-08-04T07:26:24Z | C96: 1946 | D96: Web form | E96: High | F96: Billing | G96: 42 | H96: 906 | I96: resolved | J96: 4
A97: TCK-000096 | B97: 2025-08-04T16:12:00Z | C97: 1559 | D97: Phone | E97: Low | F97: Performance | G97: 341 | H97: 6958 | I97: closed
A98: TCK-000097 | B98: 2025-08-05T00:57:36Z | C98: 1154 | D98: Chat | E98: Normal | F98: Login | G98: 76 | H98: 3668 | I98: closed | J98: 3
A99: TCK-000098 | B99: 2025-08-05T09:43:12Z | C99: 1816 | D99: Social | E99: High | F99: Integration | G99: 34 | H99: 828 | I99: closed
A100: TCK-000099 | B100: 2025-08-05T18:28:48Z | C100: 1256 | D100: Web form | E100: Normal | F100: Data import | G100: 178 | H100: 1213 | I100: resolved
...

Sheet Clean-Data
A1: ticket_id | B1: created_at | C1: customer_id | D1: channel | E1: priority | F1: category | G1: first_response_min | H1: resolution_min | I1: status | J1: satisfaction | K1: created_date | L1: resolution_hours | M1: response_hours | N1: SLA_Status | O1: Satisfaction_Category | P1: Resolution_Status | Q1: Month | R1: Month_Date
A2: TCK-000001 | B2: 2025-07-01T00:00:00Z | C2: 1175 | D2: Chat | E2: Urgent | F2: Data import | G2: 3 | H2: 412 | I2: closed | K2: =IF(B2="","",DATEVALUE(LEFT(B2,10))) -> 45839 | L2: =IF(H2="","",H2/60) -> 6.8666667 | M2: =IF(G2="","",G2/60) -> 0.05 | N2: =IF(L2="","Open",IF(L2<=IF(E2="Urgent",8,IF(E2="High",24,IF(E2="Normal",48,72))),"Within SLA","Breached")) -> Within SLA | O2: =IF(J2="","No Rating",IF(J2>=4,"Satisfied",IF(J2=3,"Neutral","Dissatisfied"))) -> No Rating | P2: =IF(I2="Closed","Resolved",IF(I2="Resolved","Resolved","Unresolved")) -> Resolved | Q2: =IF(K2="","",TEXT(K2,"mmm-yyyy")) -> Jul-2025 | R2: =IF(K2="","",DATE(YEAR(K2),MONTH(K2),1)) -> 45839
A3: TCK-000002 | B3: 2025-07-01T08:45:36Z | C3: 1019 | D3: Social | E3: High | F3: Data import | G3: 34 | H3: 507 | I3: resolved | K3: =IF(B3="","",DATEVALUE(LEFT(B3,10))) -> 45839 | L3: =IF(H3="","",H3/60) -> 8.45 | M3: =IF(G3="","",G3/60) -> 0.56666667 | N3: =IF(L3="","Open",IF(L3<=IF(E3="Urgent",8,IF(E3="High",24,IF(E3="Normal",48,72))),"Within SLA","Breached")) -> Within SLA | O3: =IF(J3="","No Rating",IF(J3>=4,"Satisfied",IF(J3=3,"Neutral","Dissatisfied"))) -> No Rating | P3: =IF(I3="Closed","Resolved",IF(I3="Resolved","Resolved","Unresolved")) -> Resolved | Q3: =IF(K3="","",TEXT(K3,"mmm-yyyy")) -> Jul-2025 | R3: =IF(K3="","",DATE(YEAR(K3),MONTH(K3),1)) -> 45839
A4: TCK-000003 | B4: 2025-07-01T17:31:12Z | C4: 1278 | D4: Chat | E4: Urgent | F4: Performance | G4: 8 | H4: 305 | I4: closed | K4: =IF(B4="","",DATEVALUE(LEFT(B4,10))) -> 45839 | L4: =IF(H4="","",H4/60) -> 5.0833333 | M4: =IF(G4="","",G4/60) -> 0.13333333 | N4: =IF(L4="","Open",IF(L4<=IF(E4="Urgent",8,IF(E4="High",24,IF(E4="Normal",48,72))),"Within SLA","Breached")) -> Within SLA | O4: =IF(J4="","No Rating",IF(J4>=4,"Satisfied",IF(J4=3,"Neutral","Dissatisfied"))) -> No Rating | P4: =IF(I4="Closed","Resolved",IF(I4="Resolved","Resolved","Unresolved")) -> Resolved | Q4: =IF(K4="","",TEXT(K4,"mmm-yyyy")) -> Jul-2025 | R4: =IF(K4="","",DATE(YEAR(K4),MONTH(K4),1)) -> 45839
A5: TCK-000004 | B5: 2025-07-02T02:16:48Z | C5: 1448 | D5: Web form | E5: Normal | F5: Billing | G5: 65 | I5: open | K5: =IF(B5="","",DATEVALUE(LEFT(B5,10))) -> 45840 | L5: =IF(H5="","",H5/60) | M5: =IF(G5="","",G5/60) -> 1.0833333 | N5: =IF(L5="","Open",IF(L5<=IF(E5="Urgent",8,IF(E5="High",24,IF(E5="Normal",48,72))),"Within SLA","Breached")) -> Open | O5: =IF(J5="","No Rating",IF(J5>=4,"Satisfied",IF(J5=3,"Neutral","Dissatisfied"))) -> No Rating | P5: =IF(I5="Closed","Resolved",IF(I5="Resolved","Resolved","Unresolved")) -> Unresolved | Q5: =IF(K5="","",TEXT(K5,"mmm-yyyy")) -> Jul-2025 | R5: =IF(K5="","",DATE(YEAR(K5),MONTH(K5),1)) -> 45839
A6: TCK-000005 | B6: 2025-07-02T11:02:24Z | C6: 1936 | D6: Email | E6: Low | F6: Feature request | G6: 431 | H6: 3785 | I6: closed | J6: 4 | K6: =IF(B6="","",DATEVALUE(LEFT(B6,10))) -> 45840 | L6: =IF(H6="","",H6/60) -> 63.083333 | M6: =IF(G6="","",G6/60) -> 7.1833333 | N6: =IF(L6="","Open",IF(L6<=IF(E6="Urgent",8,IF(E6="High",24,IF(E6="Normal",48,72))),"Within SLA","Breached")) -> Within SLA | O6: =IF(J6="","No Rating",IF(J6>=4,"Satisfied",IF(J6=3,"Neutral","Dissatisfied"))) -> Satisfied | P6: =IF(I6="Closed","Resolved",IF(I6="Resolved","Resolved","Unresolved")) -> Resolved | Q6: =IF(K6="","",TEXT(K6,"mmm-yyyy")) -> Jul-2025 | R6: =IF(K6="","",DATE(YEAR(K6),MONTH(K6),1)) -> 45839
A7: TCK-000006 | C7: 1471 | D7: Social | E7: Low | F7: Feature request | G7: 302 | H7: 1808 | I7: closed | J7: 1 | K7: =IF(B7="","",DATEVALUE(LEFT(B7,10))) | L7: =IF(H7="","",H7/60) -> 30.133333 | M7: =IF(G7="","",G7/60) -> 5.0333333 | N7: =IF(L7="","Open",IF(L7<=IF(E7="Urgent",8,IF(E7="High",24,IF(E7="Normal",48,72))),"Within SLA","Breached")) -> Within SLA | O7: =IF(J7="","No Rating",IF(J7>=4,"Satisfied",IF(J7=3,"Neutral","Dissatisfied"))) -> Dissatisfied | P7: =IF(I7="Closed","Resolved",IF(I7="Resolved","Resolved","Unresolved")) -> Resolved | Q7: =IF(K7="","",TEXT(K7,"mmm-yyyy")) | R7: =IF(K7="","",DATE(YEAR(K7),MONTH(K7),1))
A8: TCK-000007 | B8: 2025-07-03T04:33:36Z | C8: 1949 | D8: Web form | E8: Low | F8: Performance | G8: 206 | H8: 2717 | I8: closed | J8: 1 | K8: =IF(B8="","",DATEVALUE(LEFT(B8,10))) -> 45841 | L8: =IF(H8="","",H8/60) -> 45.283333 | M8: =IF(G8="","",G8/60) -> 3.4333333 | N8: =IF(L8="","Open",IF(L8<=IF(E8="Urgent",8,IF(E8="High",24,IF(E8="Normal",48,72))),"Within SLA","Breached")) -> Within SLA | O8: =IF(J8="","No Rating",IF(J8>=4,"Satisfied",IF(J8=3,"Neutral","Dissatisfied"))) -> Dissatisfied | P8: =IF(I8="Closed","Resolved",IF(I8="Resolved","Resolved","Unresolved")) -> Resolved | Q8: =IF(K8="","",TEXT(K8,"mmm-yyyy")) -> Jul-2025 | R8: =IF(K8="","",DATE(YEAR(K8),MONTH(K8),1)) -> 45839
A9: TCK-000008 | B9: 2025-07-03T13:19:12Z | C9: 1968 | D9: Chat | E9: Normal | F9: Billing | G9: 85 | H9: 771 | I9: closed | K9: =IF(B9="","",DATEVALUE(LEFT(B9,10))) -> 45841 | L9: =IF(H9="","",H9/60) -> 12.85 | M9: =IF(G9="","",G9/60) -> 1.4166667 | N9: =IF(L9="","Open",IF(L9<=IF(E9="Urgent",8,IF(E9="High",24,IF(E9="Normal",48,72))),"Within SLA","Breached")) -> Within SLA | O9: =IF(J9="","No Rating",IF(J9>=4,"Satisfied",IF(J9=3,"Neutral","Dissatisfied"))) -> No Rating | P9: =IF(I9="Closed","Resolved",IF(I9="Resolved","Resolved","Unresolved")) -> Resolved | Q9: =IF(K9="","",TEXT(K9,"mmm-yyyy")) -> Jul-2025 | R9: =IF(K9="","",DATE(YEAR(K9),MONTH(K9),1)) -> 45839
A10: TCK-000009 | B10: 2025-07-03T22:04:48Z | C10: 1750 | D10: Chat | E10: Normal | F10: Integration | G10: 32 | I10: pending | K10: =IF(B10="","",DATEVALUE(LEFT(B10,10))) -> 45841 | L10: =IF(H10="","",H10/60) | M10: =IF(G10="","",G10/60) -> 0.53333333 | N10: =IF(L10="","Open",IF(L10<=IF(E10="Urgent",8,IF(E10="High",24,IF(E10="Normal",48,72))),"Within SLA","Breached")) -> Open | O10: =IF(J10="","No Rating",IF(J10>=4,"Satisfied",IF(J10=3,"Neutral","Dissatisfied"))) -> No Rating | P10: =IF(I10="Closed","Resolved",IF(I10="Resolved","Resolved","Unresolved")) -> Unresolved | Q10: =IF(K10="","",TEXT(K10,"mmm-yyyy")) -> Jul-2025 | R10: =IF(K10="","",DATE(YEAR(K10),MONTH(K10),1)) -> 45839
A11: TCK-000010 | B11: 2025-07-04T06:50:24Z | C11: 1591 | D11: Phone | E11: Normal | F11: Integration | G11: 63 | H11: 1975 | I11: closed | J11: 2 | K11: =IF(B11="","",DATEVALUE(LEFT(B11,10))) -> 45842 | L11: =IF(H11="","",H11/60) -> 32.916667 | M11: =IF(G11="","",G11/60) -> 1.05 | N11: =IF(L11="","Open",IF(L11<=IF(E11="Urgent",8,IF(E11="High",24,IF(E11="Normal",48,72))),"Within SLA","Breached")) -> Within SLA | O11: =IF(J11="","No Rating",IF(J11>=4,"Satisfied",IF(J11=3,"Neutral","Dissatisfied"))) -> Dissatisfied | P11: =IF(I11="Closed","Resolved",IF(I11="Resolved","Resolved","Unresolved")) -> Resolved | Q11: =IF(K11="","",TEXT(K11,"mmm-yyyy")) -> Jul-2025 | R11: =IF(K11="","",DATE(YEAR(K11),MONTH(K11),1)) -> 45839
A12: TCK-000011 | B12: 2025-07-04T15:36:00Z | C12: 1908 | D12: Chat | E12: High | F12: Data import | G12: 21 | H12: 174 | I12: resolved | J12: 1 | K12: =IF(B12="","",DATEVALUE(LEFT(B12,10))) -> 45842 | L12: =IF(H12="","",H12/60) -> 2.9 | M12: =IF(G12="","",G12/60) -> 0.35 | N12: =IF(L12="","Open",IF(L12<=IF(E12="Urgent",8,IF(E12="High",24,IF(E12="Normal",48,72))),"Within SLA","Breached")) -> Within SLA | O12: =IF(J12="","No Rating",IF(J12>=4,"Satisfied",IF(J12=3,"Neutral","Dissatisfied"))) -> Dissatisfied | P12: =IF(I12="Closed","Resolved",IF(I12="Resolved","Resolved","Unresolved")) -> Resolved | Q12: =IF(K12="","",TEXT(K12,"mmm-yyyy")) -> Jul-2025 | R12: =IF(K12="","",DATE(YEAR(K12),MONTH(K12),1)) -> 45839
A13: TCK-000012 | B13: 2025-07-05T00:21:36Z | C13: 1982 | D13: Social | E13: Low | F13: Performance | G13: 343 | H13: 6881 | I13: closed | K13: =IF(B13="","",DATEVALUE(LEFT(B13,10))) -> 45843 | L13: =IF(H13="","",H13/60) -> 114.68333 | M13: =IF(G13="","",G13/60) -> 5.7166667 | N13: =IF(L13="","Open",IF(L13<=IF(E13="Urgent",8,IF(E13="High",24,IF(E13="Normal",48,72))),"Within SLA","Breached")) -> Breached | O13: =IF(J13="","No Rating",IF(J13>=4,"Satisfied",IF(J13=3,"Neutral","Dissatisfied"))) -> No Rating | P13: =IF(I13="Closed","Resolved",IF(I13="Resolved","Resolved","Unresolved")) -> Resolved | Q13: =IF(K13="","",TEXT(K13,"mmm-yyyy")) -> Jul-2025 | R13: =IF(K13="","",DATE(YEAR(K13),MONTH(K13),1)) -> 45839
A14: TCK-000013 | B14: 2025-07-05T09:07:12Z | C14: 1099 | D14: Web form | E14: Low | F14: Bug report | G14: 442 | H14: 6637 | I14: closed | J14: 1 | K14: =IF(B14="","",DATEVALUE(LEFT(B14,10))) -> 45843 | L14: =IF(H14="","",H14/60) -> 110.61667 | M14: =IF(G14="","",G14/60) -> 7.3666667 | N14: =IF(L14="","Open",IF(L14<=IF(E14="Urgent",8,IF(E14="High",24,IF(E14="Normal",48,72))),"Within SLA","Breached")) -> Breached | O14: =IF(J14="","No Rating",IF(J14>=4,"Satisfied",IF(J14=3,"Neutral","Dissatisfied"))) -> Dissatisfied | P14: =IF(I14="Closed","Resolved",IF(I14="Resolved","Resolved","Unresolved")) -> Resolved | Q14: =IF(K14="","",TEXT(K14,"mmm-yyyy")) -> Jul-2025 | R14: =IF(K14="","",DATE(YEAR(K14),MONTH(K14),1)) -> 45839
A15: TCK-000014 | B15: 2025-07-05T17:52:48Z | C15: 1055 | D15: Web form | E15: Urgent | F15: Feature request | G15: 10 | H15: 406 | I15: closed | K15: =IF(B15="","",DATEVALUE(LEFT(B15,10))) -> 45843 | L15: =IF(H15="","",H15/60) -> 6.7666667 | M15: =IF(G15="","",G15/60) -> 0.16666667 | N15: =IF(L15="","Open",IF(L15<=IF(E15="Urgent",8,IF(E15="High",24,IF(E15="Normal",48,72))),"Within SLA","Breached")) -> Within SLA | O15: =IF(J15="","No Rating",IF(J15>=4,"Satisfied",IF(J15=3,"Neutral","Dissatisfied"))) -> No Rating | P15: =IF(I15="Closed","Resolved",IF(I15="Resolved","Resolved","Unresolved")) -> Resolved | Q15: =IF(K15="","",TEXT(K15,"mmm-yyyy")) -> Jul-2025 | R15: =IF(K15="","",DATE(YEAR(K15),MONTH(K15),1)) -> 45839
A16: TCK-000015 | B16: 2025-07-06T02:38:24Z | C16: 1214 | D16: Phone | E16: Low | F16: Export | G16: 122 | H16: 2695 | I16: resolved | J16: 3 | K16: =IF(B16="","",DATEVALUE(LEFT(B16,10))) -> 45844 | L16: =IF(H16="","",H16/60) -> 44.916667 | M16: =IF(G16="","",G16/60) -> 2.0333333 | N16: =IF(L16="","Open",IF(L16<=IF(E16="Urgent",8,IF(E16="High",24,IF(E16="Normal",48,72))),"Within SLA","Breached")) -> Within SLA | O16: =IF(J16="","No Rating",IF(J16>=4,"Satisfied",IF(J16=3,"Neutral","Dissatisfied"))) -> Neutral | P16: =IF(I16="Closed","Resolved",IF(I16="Resolved","Resolved","Unresolved")) -> Resolved | Q16: =IF(K16="","",TEXT(K16,"mmm-yyyy")) -> Jul-2025 | R16: =IF(K16="","",DATE(YEAR(K16),MONTH(K16),1)) -> 45839
A17: TCK-000016 | B17: 2025-07-06T11:24:00Z | C17: 1730 | D17: Web form | E17: Urgent | F17: Integration | G17: 3 | H17: 173 | I17: closed | J17: 2 | K17: =IF(B17="","",DATEVALUE(LEFT(B17,10))) -> 45844 | L17: =IF(H17="","",H17/60) -> 2.8833333 | M17: =IF(G17="","",G17/60) -> 0.05 | N17: =IF(L17="","Open",IF(L17<=IF(E17="Urgent",8,IF(E17="High",24,IF(E17="Normal",48,72))),"Within SLA","Breached")) -> Within SLA | O17: =IF(J17="","No Rating",IF(J17>=4,"Satisfied",IF(J17=3,"Neutral","Dissatisfied"))) -> Dissatisfied | P17: =IF(I17="Closed","Resolved",IF(I17="Resolved","Resolved","Unresolved")) -> Resolved | Q17: =IF(K17="","",TEXT(K17,"mmm-yyyy")) -> Jul-2025 | R17: =IF(K17="","",DATE(YEAR(K17),MONTH(K17),1)) -> 45839
A18: TCK-000017 | B18: 2025-07-06T20:09:36Z | C18: 1469 | D18: Phone | E18: Low | F18: Account | G18: 337 | H18: 6240 | I18: closed | K18: =IF(B18="","",DATEVALUE(LEFT(B18,10))) -> 45844 | L18: =IF(H18="","",H18/60) -> 104 | M18: =IF(G18="","",G18/60) -> 5.6166667 | N18: =IF(L18="","Open",IF(L18<=IF(E18="Urgent",8,IF(E18="High",24,IF(E18="Normal",48,72))),"Within SLA","Breached")) -> Breached | O18: =IF(J18="","No Rating",IF(J18>=4,"Satisfied",IF(J18=3,"Neutral","Dissatisfied"))) -> No Rating | P18: =IF(I18="Closed","Resolved",IF(I18="Resolved","Resolved","Unresolved")) -> Resolved | Q18: =IF(K18="","",TEXT(K18,"mmm-yyyy")) -> Jul-2025 | R18: =IF(K18="","",DATE(YEAR(K18),MONTH(K18),1)) -> 45839
A19: TCK-000018 | B19: 2025-07-07T04:55:12Z | C19: 1802 | D19: Email | E19: Normal | F19: Export | G19: 157 | I19: pending | K19: =IF(B19="","",DATEVALUE(LEFT(B19,10))) -> 45845 | L19: =IF(H19="","",H19/60) | M19: =IF(G19="","",G19/60) -> 2.6166667 | N19: =IF(L19="","Open",IF(L19<=IF(E19="Urgent",8,IF(E19="High",24,IF(E19="Normal",48,72))),"Within SLA","Breached")) -> Open | O19: =IF(J19="","No Rating",IF(J19>=4,"Satisfied",IF(J19=3,"Neutral","Dissatisfied"))) -> No Rating | P19: =IF(I19="Closed","Resolved",IF(I19="Resolved","Resolved","Unresolved")) -> Unresolved | Q19: =IF(K19="","",TEXT(K19,"mmm-yyyy")) -> Jul-2025 | R19: =IF(K19="","",DATE(YEAR(K19),MONTH(K19),1)) -> 45839
A20: TCK-000019 | B20: 2025-07-07T13:40:48Z | C20: 1538 | D20: Social | E20: Normal | F20: Account | G20: 166 | H20: 1810 | I20: resolved | K20: =IF(B20="","",DATEVALUE(LEFT(B20,10))) -> 45845 | L20: =IF(H20="","",H20/60) -> 30.166667 | M20: =IF(G20="","",G20/60) -> 2.7666667 | N20: =IF(L20="","Open",IF(L20<=IF(E20="Urgent",8,IF(E20="High",24,IF(E20="Normal",48,72))),"Within SLA","Breached")) -> Within SLA | O20: =IF(J20="","No Rating",IF(J20>=4,"Satisfied",IF(J20=3,"Neutral","Dissatisfied"))) -> No Rating | P20: =IF(I20="Closed","Resolved",IF(I20="Resolved","Resolved","Unresolved")) -> Resolved | Q20: =IF(K20="","",TEXT(K20,"mmm-yyyy")) -> Jul-2025 | R20: =IF(K20="","",DATE(YEAR(K20),MONTH(K20),1)) -> 45839
A21: TCK-000020 | B21: 2025-07-07T22:26:24Z | C21: 1295 | D21: Web form | E21: Urgent | F21: Login | G21: 3 | H21: 123 | I21: resolved | J21: 4 | K21: =IF(B21="","",DATEVALUE(LEFT(B21,10))) -> 45845 | L21: =IF(H21="","",H21/60) -> 2.05 | M21: =IF(G21="","",G21/60) -> 0.05 | N21: =IF(L21="","Open",IF(L21<=IF(E21="Urgent",8,IF(E21="High",24,IF(E21="Normal",48,72))),"Within SLA","Breached")) -> Within SLA | O21: =IF(J21="","No Rating",IF(J21>=4,"Satisfied",IF(J21=3,"Neutral","Dissatisfied"))) -> Satisfied | P21: =IF(I21="Closed","Resolved",IF(I21="Resolved","Resolved","Unresolved")) -> Resolved | Q21: =IF(K21="","",TEXT(K21,"mmm-yyyy")) -> Jul-2025 | R21: =IF(K21="","",DATE(YEAR(K21),MONTH(K21),1)) -> 45839
A22: TCK-000021 | B22: 2025-07-08T07:12:00Z | C22: 1646 | D22: Web form | E22: High | F22: Data import | G22: 15 | I22: open | K22: =IF(B22="","",DATEVALUE(LEFT(B22,10))) -> 45846 | L22: =IF(H22="","",H22/60) | M22: =IF(G22="","",G22/60) -> 0.25 | N22: =IF(L22="","Open",IF(L22<=IF(E22="Urgent",8,IF(E22="High",24,IF(E22="Normal",48,72))),"Within SLA","Breached")) -> Open | O22: =IF(J22="","No Rating",IF(J22>=4,"Satisfied",IF(J22=3,"Neutral","Dissatisfied"))) -> No Rating | P22: =IF(I22="Closed","Resolved",IF(I22="Resolved","Resolved","Unresolved")) -> Unresolved | Q22: =IF(K22="","",TEXT(K22,"mmm-yyyy")) -> Jul-2025 | R22: =IF(K22="","",DATE(YEAR(K22),MONTH(K22),1)) -> 45839
A23: TCK-000022 | B23: 2025-07-08T15:57:36Z | C23: 1880 | D23: Social | E23: Normal | F23: Login | G23: 46 | I23: open | K23: =IF(B23="","",DATEVALUE(LEFT(B23,10))) -> 45846 | L23: =IF(H23="","",H23/60) | M23: =IF(G23="","",G23/60) -> 0.76666667 | N23: =IF(L23="","Open",IF(L23<=IF(E23="Urgent",8,IF(E23="High",24,IF(E23="Normal",48,72))),"Within SLA","Breached")) -> Open | O23: =IF(J23="","No Rating",IF(J23>=4,"Satisfied",IF(J23=3,"Neutral","Dissatisfied"))) -> No Rating | P23: =IF(I23="Closed","Resolved",IF(I23="Resolved","Resolved","Unresolved")) -> Unresolved | Q23: =IF(K23="","",TEXT(K23,"mmm-yyyy")) -> Jul-2025 | R23: =IF(K23="","",DATE(YEAR(K23),MONTH(K23),1)) -> 45839
A24: TCK-000023 | B24: 2025-07-09T00:43:12Z | C24: 1808 | D24: Web form | E24: Low | F24: Performance | G24: 217 | H24: 6190 | I24: closed | K24: =IF(B24="","",DATEVALUE(LEFT(B24,10))) -> 45847 | L24: =IF(H24="","",H24/60) -> 103.16667 | M24: =IF(G24="","",G24/60) -> 3.6166667 | N24: =IF(L24="","Open",IF(L24<=IF(E24="Urgent",8,IF(E24="High",24,IF(E24="Normal",48,72))),"Within SLA","Breached")) -> Breached | O24: =IF(J24="","No Rating",IF(J24>=4,"Satisfied",IF(J24=3,"Neutral","Dissatisfied"))) -> No Rating | P24: =IF(I24="Closed","Resolved",IF(I24="Resolved","Resolved","Unresolved")) -> Resolved | Q24: =IF(K24="","",TEXT(K24,"mmm-yyyy")) -> Jul-2025 | R24: =IF(K24="","",DATE(YEAR(K24),MONTH(K24),1)) -> 45839
A25: TCK-000024 | B25: 2025-07-09T09:28:48Z | C25: 1887 | D25: Social | E25: Low | F25: Integration | G25: 263 | H25: 7047 | I25: closed | K25: =IF(B25="","",DATEVALUE(LEFT(B25,10))) -> 45847 | L25: =IF(H25="","",H25/60) -> 117.45 | M25: =IF(G25="","",G25/60) -> 4.3833333 | N25: =IF(L25="","Open",IF(L25<=IF(E25="Urgent",8,IF(E25="High",24,IF(E25="Normal",48,72))),"Within SLA","Breached")) -> Breached | O25: =IF(J25="","No Rating",IF(J25>=4,"Satisfied",IF(J25=3,"Neutral","Dissatisfied"))) -> No Rating | P25: =IF(I25="Closed","Resolved",IF(I25="Resolved","Resolved","Unresolved")) -> Resolved | Q25: =IF(K25="","",TEXT(K25,"mmm-yyyy")) -> Jul-2025 | R25: =IF(K25="","",DATE(YEAR(K25),MONTH(K25),1)) -> 45839
A26: TCK-000025 | B26: 2025-07-09T18:14:24Z | C26: 1909 | D26: Phone | E26: Low | F26: Performance | G26: 446 | I26: open | K26: =IF(B26="","",DATEVALUE(LEFT(B26,10))) -> 45847 | L26: =IF(H26="","",H26/60) | M26: =IF(G26="","",G26/60) -> 7.4333333 | N26: =IF(L26="","Open",IF(L26<=IF(E26="Urgent",8,IF(E26="High",24,IF(E26="Normal",48,72))),"Within SLA","Breached")) -> Open | O26: =IF(J26="","No Rating",IF(J26>=4,"Satisfied",IF(J26=3,"Neutral","Dissatisfied"))) -> No Rating | P26: =IF(I26="Closed","Resolved",IF(I26="Resolved","Resolved","Unresolved")) -> Unresolved | Q26: =IF(K26="","",TEXT(K26,"mmm-yyyy")) -> Jul-2025 | R26: =IF(K26="","",DATE(YEAR(K26),MONTH(K26),1)) -> 45839
A27: TCK-000026 | B27: 2025-07-10T03:00:00Z | C27: 1950 | D27: Chat | E27: Low | F27: Account | G27: 165 | I27: open | K27: =IF(B27="","",DATEVALUE(LEFT(B27,10))) -> 45848 | L27: =IF(H27="","",H27/60) | M27: =IF(G27="","",G27/60) -> 2.75 | N27: =IF(L27="","Open",IF(L27<=IF(E27="Urgent",8,IF(E27="High",24,IF(E27="Normal",48,72))),"Within SLA","Breached")) -> Open | O27: =IF(J27="","No Rating",IF(J27>=4,"Satisfied",IF(J27=3,"Neutral","Dissatisfied"))) -> No Rating | P27: =IF(I27="Closed","Resolved",IF(I27="Resolved","Resolved","Unresolved")) -> Unresolved | Q27: =IF(K27="","",TEXT(K27,"mmm-yyyy")) -> Jul-2025 | R27: =IF(K27="","",DATE(YEAR(K27),MONTH(K27),1)) -> 45839
A28: TCK-000027 | B28: 2025-07-10T11:45:36Z | C28: 1028 | D28: Phone | E28: Normal | F28: Export | G28: 123 | H28: 792 | I28: resolved | J28: 2 | K28: =IF(B28="","",DATEVALUE(LEFT(B28,10))) -> 45848 | L28: =IF(H28="","",H28/60) -> 13.2 | M28: =IF(G28="","",G28/60) -> 2.05 | N28: =IF(L28="","Open",IF(L28<=IF(E28="Urgent",8,IF(E28="High",24,IF(E28="Normal",48,72))),"Within SLA","Breached")) -> Within SLA | O28: =IF(J28="","No Rating",IF(J28>=4,"Satisfied",IF(J28=3,"Neutral","Dissatisfied"))) -> Dissatisfied | P28: =IF(I28="Closed","Resolved",IF(I28="Resolved","Resolved","Unresolved")) -> Resolved | Q28: =IF(K28="","",TEXT(K28,"mmm-yyyy")) -> Jul-2025 | R28: =IF(K28="","",DATE(YEAR(K28),MONTH(K28),1)) -> 45839
A29: TCK-000028 | B29: 2025-07-10T20:31:12Z | C29: 1035 | D29: Web form | E29: High | F29: Feature request | G29: 24 | H29: 235 | I29: closed | J29: 4 | K29: =IF(B29="","",DATEVALUE(LEFT(B29,10))) -> 45848 | L29: =IF(H29="","",H29/60) -> 3.9166667 | M29: =IF(G29="","",G29/60) -> 0.4 | N29: =IF(L29="","Open",IF(L29<=IF(E29="Urgent",8,IF(E29="High",24,IF(E29="Normal",48,72))),"Within SLA","Breached")) -> Within SLA | O29: =IF(J29="","No Rating",IF(J29>=4,"Satisfied",IF(J29=3,"Neutral","Dissatisfied"))) -> Satisfied | P29: =IF(I29="Closed","Resolved",IF(I29="Resolved","Resolved","Unresolved")) -> Resolved | Q29: =IF(K29="","",TEXT(K29,"mmm-yyyy")) -> Jul-2025 | R29: =IF(K29="","",DATE(YEAR(K29),MONTH(K29),1)) -> 45839
A30: TCK-000029 | B30: 2025-07-11T05:16:48Z | C30: 1426 | D30: Chat | E30: Low | F30: Feature request | G30: 405 | H30: 4942 | I30: closed | J30: 3 | K30: =IF(B30="","",DATEVALUE(LEFT(B30,10))) -> 45849 | L30: =IF(H30="","",H30/60) -> 82.366667 | M30: =IF(G30="","",G30/60) -> 6.75 | N30: =IF(L30="","Open",IF(L30<=IF(E30="Urgent",8,IF(E30="High",24,IF(E30="Normal",48,72))),"Within SLA","Breached")) -> Breached | O30: =IF(J30="","No Rating",IF(J30>=4,"Satisfied",IF(J30=3,"Neutral","Dissatisfied"))) -> Neutral | P30: =IF(I30="Closed","Resolved",IF(I30="Resolved","Resolved","Unresolved")) -> Resolved | Q30: =IF(K30="","",TEXT(K30,"mmm-yyyy")) -> Jul-2025 | R30: =IF(K30="","",DATE(YEAR(K30),MONTH(K30),1)) -> 45839
A31: TCK-000030 | B31: 2025-07-11T14:02:24Z | C31: 1908 | D31: Phone | E31: Low | F31: Account | G31: 432 | H31: 2314 | I31: closed | J31: 3 | K31: =IF(B31="","",DATEVALUE(LEFT(B31,10))) -> 45849 | L31: =IF(H31="","",H31/60) -> 38.566667 | M31: =IF(G31="","",G31/60) -> 7.2 | N31: =IF(L31="","Open",IF(L31<=IF(E31="Urgent",8,IF(E31="High",24,IF(E31="Normal",48,72))),"Within SLA","Breached")) -> Within SLA | O31: =IF(J31="","No Rating",IF(J31>=4,"Satisfied",IF(J31=3,"Neutral","Dissatisfied"))) -> Neutral | P31: =IF(I31="Closed","Resolved",IF(I31="Resolved","Resolved","Unresolved")) -> Resolved | Q31: =IF(K31="","",TEXT(K31,"mmm-yyyy")) -> Jul-2025 | R31: =IF(K31="","",DATE(YEAR(K31),MONTH(K31),1)) -> 45839
A32: TCK-000031 | B32: 2025-07-11T22:48:00Z | C32: 1540 | D32: Web form | E32: Normal | F32: Billing | G32: 90 | I32: open | K32: =IF(B32="","",DATEVALUE(LEFT(B32,10))) -> 45849 | L32: =IF(H32="","",H32/60) | M32: =IF(G32="","",G32/60) -> 1.5 | N32: =IF(L32="","Open",IF(L32<=IF(E32="Urgent",8,IF(E32="High",24,IF(E32="Normal",48,72))),"Within SLA","Breached")) -> Open | O32: =IF(J32="","No Rating",IF(J32>=4,"Satisfied",IF(J32=3,"Neutral","Dissatisfied"))) -> No Rating | P32: =IF(I32="Closed","Resolved",IF(I32="Resolved","Resolved","Unresolved")) -> Unresolved | Q32: =IF(K32="","",TEXT(K32,"mmm-yyyy")) -> Jul-2025 | R32: =IF(K32="","",DATE(YEAR(K32),MONTH(K32),1)) -> 45839
A33: TCK-000032 | B33: 2025-07-12T07:33:36Z | C33: 1059 | D33: Web form | E33: Urgent | F33: Bug report | G33: 2 | H33: 221 | I33: closed | J33: 4 | K33: =IF(B33="","",DATEVALUE(LEFT(B33,10))) -> 45850 | L33: =IF(H33="","",H33/60) -> 3.6833333 | M33: =IF(G33="","",G33/60) -> 0.033333333 | N33: =IF(L33="","Open",IF(L33<=IF(E33="Urgent",8,IF(E33="High",24,IF(E33="Normal",48,72))),"Within SLA","Breached")) -> Within SLA | O33: =IF(J33="","No Rating",IF(J33>=4,"Satisfied",IF(J33=3,"Neutral","Dissatisfied"))) -> Satisfied | P33: =IF(I33="Closed","Resolved",IF(I33="Resolved","Resolved","Unresolved")) -> Resolved | Q33: =IF(K33="","",TEXT(K33,"mmm-yyyy")) -> Jul-2025 | R33: =IF(K33="","",DATE(YEAR(K33),MONTH(K33),1)) -> 45839
A34: TCK-000033 | B34: 2025-07-12T16:19:12Z | C34: 1205 | D34: Email | E34: Urgent | F34: Data import | G34: 9 | H34: 422 | I34: resolved | J34: 3 | K34: =IF(B34="","",DATEVALUE(LEFT(B34,10))) -> 45850 | L34: =IF(H34="","",H34/60) -> 7.0333333 | M34: =IF(G34="","",G34/60) -> 0.15 | N34: =IF(L34="","Open",IF(L34<=IF(E34="Urgent",8,IF(E34="High",24,IF(E34="Normal",48,72))),"Within SLA","Breached")) -> Within SLA | O34: =IF(J34="","No Rating",IF(J34>=4,"Satisfied",IF(J34=3,"Neutral","Dissatisfied"))) -> Neutral | P34: =IF(I34="Closed","Resolved",IF(I34="Resolved","Resolved","Unresolved")) -> Resolved | Q34: =IF(K34="","",TEXT(K34,"mmm-yyyy")) -> Jul-2025 | R34: =IF(K34="","",DATE(YEAR(K34),MONTH(K34),1)) -> 45839
A35: TCK-000034 | B35: 2025-07-13T01:04:48Z | C35: 1441 | D35: Email | E35: Normal | F35: Billing | G35: 150 | H35: 1715 | I35: closed | J35: 1 | K35: =IF(B35="","",DATEVALUE(LEFT(B35,10))) -> 45851 | L35: =IF(H35="","",H35/60) -> 28.583333 | M35: =IF(G35="","",G35/60) -> 2.5 | N35: =IF(L35="","Open",IF(L35<=IF(E35="Urgent",8,IF(E35="High",24,IF(E35="Normal",48,72))),"Within SLA","Breached")) -> Within SLA | O35: =IF(J35="","No Rating",IF(J35>=4,"Satisfied",IF(J35=3,"Neutral","Dissatisfied"))) -> Dissatisfied | P35: =IF(I35="Closed","Resolved",IF(I35="Resolved","Resolved","Unresolved")) -> Resolved | Q35: =IF(K35="","",TEXT(K35,"mmm-yyyy")) -> Jul-2025 | R35: =IF(K35="","",DATE(YEAR(K35),MONTH(K35),1)) -> 45839
A36: TCK-000035 | B36: 2025-07-13T09:50:24Z | C36: 1403 | D36: Chat | E36: Normal | F36: Export | G36: 36 | H36: 3180 | I36: resolved | K36: =IF(B36="","",DATEVALUE(LEFT(B36,10))) -> 45851 | L36: =IF(H36="","",H36/60) -> 53 | M36: =IF(G36="","",G36/60) -> 0.6 | N36: =IF(L36="","Open",IF(L36<=IF(E36="Urgent",8,IF(E36="High",24,IF(E36="Normal",48,72))),"Within SLA","Breached")) -> Breached | O36: =IF(J36="","No Rating",IF(J36>=4,"Satisfied",IF(J36=3,"Neutral","Dissatisfied"))) -> No Rating | P36: =IF(I36="Closed","Resolved",IF(I36="Resolved","Resolved","Unresolved")) -> Resolved | Q36: =IF(K36="","",TEXT(K36,"mmm-yyyy")) -> Jul-2025 | R36: =IF(K36="","",DATE(YEAR(K36),MONTH(K36),1)) -> 45839
A37: TCK-000036 | B37: 2025-07-13T18:36:00Z | C37: 1702 | D37: Web form | E37: Low | F37: Integration | G37: 233 | H37: 2898 | I37: resolved | K37: =IF(B37="","",DATEVALUE(LEFT(B37,10))) -> 45851 | L37: =IF(H37="","",H37/60) -> 48.3 | M37: =IF(G37="","",G37/60) -> 3.8833333 | N37: =IF(L37="","Open",IF(L37<=IF(E37="Urgent",8,IF(E37="High",24,IF(E37="Normal",48,72))),"Within SLA","Breached")) -> Within SLA | O37: =IF(J37="","No Rating",IF(J37>=4,"Satisfied",IF(J37=3,"Neutral","Dissatisfied"))) -> No Rating | P37: =IF(I37="Closed","Resolved",IF(I37="Resolved","Resolved","Unresolved")) -> Resolved | Q37: =IF(K37="","",TEXT(K37,"mmm-yyyy")) -> Jul-2025 | R37: =IF(K37="","",DATE(YEAR(K37),MONTH(K37),1)) -> 45839
A38: TCK-000037 | B38: 2025-07-14T03:21:36Z | C38: 1041 | D38: Phone | E38: Urgent | F38: Integration | G38: 7 | H38: 427 | I38: closed | J38: 4 | K38: =IF(B38="","",DATEVALUE(LEFT(B38,10))) -> 45852 | L38: =IF(H38="","",H38/60) -> 7.1166667 | M38: =IF(G38="","",G38/60) -> 0.11666667 | N38: =IF(L38="","Open",IF(L38<=IF(E38="Urgent",8,IF(E38="High",24,IF(E38="Normal",48,72))),"Within SLA","Breached")) -> Within SLA | O38: =IF(J38="","No Rating",IF(J38>=4,"Satisfied",IF(J38=3,"Neutral","Dissatisfied"))) -> Satisfied | P38: =IF(I38="Closed","Resolved",IF(I38="Resolved","Resolved","Unresolved")) -> Resolved | Q38: =IF(K38="","",TEXT(K38,"mmm-yyyy")) -> Jul-2025 | R38: =IF(K38="","",DATE(YEAR(K38),MONTH(K38),1)) -> 45839
A39: TCK-000038 | B39: 2025-07-14T12:07:12Z | C39: 1169 | D39: Web form | E39: Low | F39: Bug report | G39: 335 | H39: 5407 | I39: closed | K39: =IF(B39="","",DATEVALUE(LEFT(B39,10))) -> 45852 | L39: =IF(H39="","",H39/60) -> 90.116667 | M39: =IF(G39="","",G39/60) -> 5.5833333 | N39: =IF(L39="","Open",IF(L39<=IF(E39="Urgent",8,IF(E39="High",24,IF(E39="Normal",48,72))),"Within SLA","Breached")) -> Breached | O39: =IF(J39="","No Rating",IF(J39>=4,"Satisfied",IF(J39=3,"Neutral","Dissatisfied"))) -> No Rating | P39: =IF(I39="Closed","Resolved",IF(I39="Resolved","Resolved","Unresolved")) -> Resolved | Q39: =IF(K39="","",TEXT(K39,"mmm-yyyy")) -> Jul-2025 | R39: =IF(K39="","",DATE(YEAR(K39),MONTH(K39),1)) -> 45839
A40: TCK-000039 | B40: 2025-07-14T20:52:48Z | C40: 1116 | D40: Web form | E40: Normal | F40: Integration | G40: 103 | I40: open | K40: =IF(B40="","",DATEVALUE(LEFT(B40,10))) -> 45852 | L40: =IF(H40="","",H40/60) | M40: =IF(G40="","",G40/60) -> 1.7166667 | N40: =IF(L40="","Open",IF(L40<=IF(E40="Urgent",8,IF(E40="High",24,IF(E40="Normal",48,72))),"Within SLA","Breached")) -> Open | O40: =IF(J40="","No Rating",IF(J40>=4,"Satisfied",IF(J40=3,"Neutral","Dissatisfied"))) -> No Rating | P40: =IF(I40="Closed","Resolved",IF(I40="Resolved","Resolved","Unresolved")) -> Unresolved | Q40: =IF(K40="","",TEXT(K40,"mmm-yyyy")) -> Jul-2025 | R40: =IF(K40="","",DATE(YEAR(K40),MONTH(K40),1)) -> 45839
A41: TCK-000040 | B41: 2025-07-15T05:38:24Z | C41: 1360 | D41: Social | E41: Low | F41: Feature request | G41: 148 | H41: 4350 | I41: resolved | J41: 3 | K41: =IF(B41="","",DATEVALUE(LEFT(B41,10))) -> 45853 | L41: =IF(H41="","",H41/60) -> 72.5 | M41: =IF(G41="","",G41/60) -> 2.4666667 | N41: =IF(L41="","Open",IF(L41<=IF(E41="Urgent",8,IF(E41="High",24,IF(E41="Normal",48,72))),"Within SLA","Breached")) -> Breached | O41: =IF(J41="","No Rating",IF(J41>=4,"Satisfied",IF(J41=3,"Neutral","Dissatisfied"))) -> Neutral | P41: =IF(I41="Closed","Resolved",IF(I41="Resolved","Resolved","Unresolved")) -> Resolved | Q41: =IF(K41="","",TEXT(K41,"mmm-yyyy")) -> Jul-2025 | R41: =IF(K41="","",DATE(YEAR(K41),MONTH(K41),1)) -> 45839
A42: TCK-000041 | B42: 2025-07-15T14:24:00Z | C42: 1872 | D42: Email | E42: Urgent | F42: Login | G42: 11 | H42: 325 | I42: closed | J42: 5 | K42: =IF(B42="","",DATEVALUE(LEFT(B42,10))) -> 45853 | L42: =IF(H42="","",H42/60) -> 5.4166667 | M42: =IF(G42="","",G42/60) -> 0.18333333 | N42: =IF(L42="","Open",IF(L42<=IF(E42="Urgent",8,IF(E42="High",24,IF(E42="Normal",48,72))),"Within SLA","Breached")) -> Within SLA | O42: =IF(J42="","No Rating",IF(J42>=4,"Satisfied",IF(J42=3,"Neutral","Dissatisfied"))) -> Satisfied | P42: =IF(I42="Closed","Resolved",IF(I42="Resolved","Resolved","Unresolved")) -> Resolved | Q42: =IF(K42="","",TEXT(K42,"mmm-yyyy")) -> Jul-2025 | R42: =IF(K42="","",DATE(YEAR(K42),MONTH(K42),1)) -> 45839
A43: TCK-000042 | B43: 2025-07-15T23:09:36Z | C43: 1524 | D43: Web form | E43: Normal | F43: Bug report | G43: 177 | H43: 3585 | I43: resolved | J43: 4 | K43: =IF(B43="","",DATEVALUE(LEFT(B43,10))) -> 45853 | L43: =IF(H43="","",H43/60) -> 59.75 | M43: =IF(G43="","",G43/60) -> 2.95 | N43: =IF(L43="","Open",IF(L43<=IF(E43="Urgent",8,IF(E43="High",24,IF(E43="Normal",48,72))),"Within SLA","Breached")) -> Breached | O43: =IF(J43="","No Rating",IF(J43>=4,"Satisfied",IF(J43=3,"Neutral","Dissatisfied"))) -> Satisfied | P43: =IF(I43="Closed","Resolved",IF(I43="Resolved","Resolved","Unresolved")) -> Resolved | Q43: =IF(K43="","",TEXT(K43,"mmm-yyyy")) -> Jul-2025 | R43: =IF(K43="","",DATE(YEAR(K43),MONTH(K43),1)) -> 45839
A44: TCK-000043 | B44: 2025-07-16T07:55:12Z | C44: 1215 | D44: Social | E44: Normal | F44: Export | G44: 168 | H44: 1020 | I44: closed | J44: 3 | K44: =IF(B44="","",DATEVALUE(LEFT(B44,10))) -> 45854 | L44: =IF(H44="","",H44/60) -> 17 | M44: =IF(G44="","",G44/60) -> 2.8 | N44: =IF(L44="","Open",IF(L44<=IF(E44="Urgent",8,IF(E44="High",24,IF(E44="Normal",48,72))),"Within SLA","Breached")) -> Within SLA | O44: =IF(J44="","No Rating",IF(J44>=4,"Satisfied",IF(J44=3,"Neutral","Dissatisfied"))) -> Neutral | P44: =IF(I44="Closed","Resolved",IF(I44="Resolved","Resolved","Unresolved")) -> Resolved | Q44: =IF(K44="","",TEXT(K44,"mmm-yyyy")) -> Jul-2025 | R44: =IF(K44="","",DATE(YEAR(K44),MONTH(K44),1)) -> 45839
A45: TCK-000044 | B45: 2025-07-16T16:40:48Z | C45: 1627 | D45: Web form | E45: Normal | F45: Data import | G45: 64 | H45: 2766 | I45: closed | K45: =IF(B45="","",DATEVALUE(LEFT(B45,10))) -> 45854 | L45: =IF(H45="","",H45/60) -> 46.1 | M45: =IF(G45="","",G45/60) -> 1.0666667 | N45: =IF(L45="","Open",IF(L45<=IF(E45="Urgent",8,IF(E45="High",24,IF(E45="Normal",48,72))),"Within SLA","Breached")) -> Within SLA | O45: =IF(J45="","No Rating",IF(J45>=4,"Satisfied",IF(J45=3,"Neutral","Dissatisfied"))) -> No Rating | P45: =IF(I45="Closed","Resolved",IF(I45="Resolved","Resolved","Unresolved")) -> Resolved | Q45: =IF(K45="","",TEXT(K45,"mmm-yyyy")) -> Jul-2025 | R45: =IF(K45="","",DATE(YEAR(K45),MONTH(K45),1)) -> 45839
A46: TCK-000045 | B46: 2025-07-17T01:26:24Z | C46: 1235 | D46: Web form | E46: Normal | F46: Integration | G46: 97 | H46: 2317 | I46: closed | J46: 3 | K46: =IF(B46="","",DATEVALUE(LEFT(B46,10))) -> 45855 | L46: =IF(H46="","",H46/60) -> 38.616667 | M46: =IF(G46="","",G46/60) -> 1.6166667 | N46: =IF(L46="","Open",IF(L46<=IF(E46="Urgent",8,IF(E46="High",24,IF(E46="Normal",48,72))),"Within SLA","Breached")) -> Within SLA | O46: =IF(J46="","No Rating",IF(J46>=4,"Satisfied",IF(J46=3,"Neutral","Dissatisfied"))) -> Neutral | P46: =IF(I46="Closed","Resolved",IF(I46="Resolved","Resolved","Unresolved")) -> Resolved | Q46: =IF(K46="","",TEXT(K46,"mmm-yyyy")) -> Jul-2025 | R46: =IF(K46="","",DATE(YEAR(K46),MONTH(K46),1)) -> 45839
A47: TCK-000046 | B47: 2025-07-17T10:12:00Z | C47: 1245 | D47: Social | E47: Urgent | F47: Data import | G47: 9 | I47: open | K47: =IF(B47="","",DATEVALUE(LEFT(B47,10))) -> 45855 | L47: =IF(H47="","",H47/60) | M47: =IF(G47="","",G47/60) -> 0.15 | N47: =IF(L47="","Open",IF(L47<=IF(E47="Urgent",8,IF(E47="High",24,IF(E47="Normal",48,72))),"Within SLA","Breached")) -> Open | O47: =IF(J47="","No Rating",IF(J47>=4,"Satisfied",IF(J47=3,"Neutral","Dissatisfied"))) -> No Rating | P47: =IF(I47="Closed","Resolved",IF(I47="Resolved","Resolved","Unresolved")) -> Unresolved | Q47: =IF(K47="","",TEXT(K47,"mmm-yyyy")) -> Jul-2025 | R47: =IF(K47="","",DATE(YEAR(K47),MONTH(K47),1)) -> 45839
A48: TCK-000047 | B48: 2025-07-17T18:57:36Z | C48: 1286 | D48: Social | E48: Urgent | F48: Feature request | G48: 9 | H48: 272 | I48: closed | J48: 1 | K48: =IF(B48="","",DATEVALUE(LEFT(B48,10))) -> 45855 | L48: =IF(H48="","",H48/60) -> 4.5333333 | M48: =IF(G48="","",G48/60) -> 0.15 | N48: =IF(L48="","Open",IF(L48<=IF(E48="Urgent",8,IF(E48="High",24,IF(E48="Normal",48,72))),"Within SLA","Breached")) -> Within SLA | O48: =IF(J48="","No Rating",IF(J48>=4,"Satisfied",IF(J48=3,"Neutral","Dissatisfied"))) -> Dissatisfied | P48: =IF(I48="Closed","Resolved",IF(I48="Resolved","Resolved","Unresolved")) -> Resolved | Q48: =IF(K48="","",TEXT(K48,"mmm-yyyy")) -> Jul-2025 | R48: =IF(K48="","",DATE(YEAR(K48),MONTH(K48),1)) -> 45839
A49: TCK-000048 | B49: 2025-07-18T03:43:12Z | C49: 1286 | D49: Social | E49: High | F49: Account | G49: 29 | H49: 656 | I49: closed | K49: =IF(B49="","",DATEVALUE(LEFT(B49,10))) -> 45856 | L49: =IF(H49="","",H49/60) -> 10.933333 | M49: =IF(G49="","",G49/60) -> 0.48333333 | N49: =IF(L49="","Open",IF(L49<=IF(E49="Urgent",8,IF(E49="High",24,IF(E49="Normal",48,72))),"Within SLA","Breached")) -> Within SLA | O49: =IF(J49="","No Rating",IF(J49>=4,"Satisfied",IF(J49=3,"Neutral","Dissatisfied"))) -> No Rating | P49: =IF(I49="Closed","Resolved",IF(I49="Resolved","Resolved","Unresolved")) -> Resolved | Q49: =IF(K49="","",TEXT(K49,"mmm-yyyy")) -> Jul-2025 | R49: =IF(K49="","",DATE(YEAR(K49),MONTH(K49),1)) -> 45839
A50: TCK-000049 | B50: 2025-07-18T12:28:48Z | C50: 1730 | D50: Social | E50: Low | F50: Billing | G50: 137 | H50: 7351 | I50: closed | J50: 3 | K50: =IF(B50="","",DATEVALUE(LEFT(B50,10))) -> 45856 | L50: =IF(H50="","",H50/60) -> 122.51667 | M50: =IF(G50="","",G50/60) -> 2.2833333 | N50: =IF(L50="","Open",IF(L50<=IF(E50="Urgent",8,IF(E50="High",24,IF(E50="Normal",48,72))),"Within SLA","Breached")) -> Breached | O50: =IF(J50="","No Rating",IF(J50>=4,"Satisfied",IF(J50=3,"Neutral","Dissatisfied"))) -> Neutral | P50: =IF(I50="Closed","Resolved",IF(I50="Resolved","Resolved","Unresolved")) -> Resolved | Q50: =IF(K50="","",TEXT(K50,"mmm-yyyy")) -> Jul-2025 | R50: =IF(K50="","",DATE(YEAR(K50),MONTH(K50),1)) -> 45839
A51: TCK-000050 | B51: 2025-07-18T21:14:24Z | C51: 1462 | D51: Email | E51: Normal | F51: Data import | G51: 84 | H51: 1972 | I51: closed | J51: 5 | K51: =IF(B51="","",DATEVALUE(LEFT(B51,10))) -> 45856 | L51: =IF(H51="","",H51/60) -> 32.866667 | M51: =IF(G51="","",G51/60) -> 1.4 | N51: =IF(L51="","Open",IF(L51<=IF(E51="Urgent",8,IF(E51="High",24,IF(E51="Normal",48,72))),"Within SLA","Breached")) -> Within SLA | O51: =IF(J51="","No Rating",IF(J51>=4,"Satisfied",IF(J51=3,"Neutral","Dissatisfied"))) -> Satisfied | P51: =IF(I51="Closed","Resolved",IF(I51="Resolved","Resolved","Unresolved")) -> Resolved | Q51: =IF(K51="","",TEXT(K51,"mmm-yyyy")) -> Jul-2025 | R51: =IF(K51="","",DATE(YEAR(K51),MONTH(K51),1)) -> 45839
A52: TCK-000051 | B52: 2025-07-19T06:00:00Z | C52: 1656 | D52: Email | E52: Normal | F52: Data import | G52: 60 | H52: 1291 | I52: closed | K52: =IF(B52="","",DATEVALUE(LEFT(B52,10))) -> 45857 | L52: =IF(H52="","",H52/60) -> 21.516667 | M52: =IF(G52="","",G52/60) -> 1 | N52: =IF(L52="","Open",IF(L52<=IF(E52="Urgent",8,IF(E52="High",24,IF(E52="Normal",48,72))),"Within SLA","Breached")) -> Within SLA | O52: =IF(J52="","No Rating",IF(J52>=4,"Satisfied",IF(J52=3,"Neutral","Dissatisfied"))) -> No Rating | P52: =IF(I52="Closed","Resolved",IF(I52="Resolved","Resolved","Unresolved")) -> Resolved | Q52: =IF(K52="","",TEXT(K52,"mmm-yyyy")) -> Jul-2025 | R52: =IF(K52="","",DATE(YEAR(K52),MONTH(K52),1)) -> 45839
A53: TCK-000052 | B53: 2025-07-19T14:45:36Z | C53: 1882 | D53: Phone | E53: Normal | F53: Data import | G53: 88 | I53: pending | K53: =IF(B53="","",DATEVALUE(LEFT(B53,10))) -> 45857 | L53: =IF(H53="","",H53/60) | M53: =IF(G53="","",G53/60) -> 1.4666667 | N53: =IF(L53="","Open",IF(L53<=IF(E53="Urgent",8,IF(E53="High",24,IF(E53="Normal",48,72))),"Within SLA","Breached")) -> Open | O53: =IF(J53="","No Rating",IF(J53>=4,"Satisfied",IF(J53=3,"Neutral","Dissatisfied"))) -> No Rating | P53: =IF(I53="Closed","Resolved",IF(I53="Resolved","Resolved","Unresolved")) -> Unresolved | Q53: =IF(K53="","",TEXT(K53,"mmm-yyyy")) -> Jul-2025 | R53: =IF(K53="","",DATE(YEAR(K53),MONTH(K53),1)) -> 45839
A54: TCK-000053 | B54: 2025-07-19T23:31:12Z | C54: 1832 | D54: Phone | E54: Urgent | F54: Bug report | G54: 11 | H54: 305 | I54: closed | J54: 2 | K54: =IF(B54="","",DATEVALUE(LEFT(B54,10))) -> 45857 | L54: =IF(H54="","",H54/60) -> 5.0833333 | M54: =IF(G54="","",G54/60) -> 0.18333333 | N54: =IF(L54="","Open",IF(L54<=IF(E54="Urgent",8,IF(E54="High",24,IF(E54="Normal",48,72))),"Within SLA","Breached")) -> Within SLA | O54: =IF(J54="","No Rating",IF(J54>=4,"Satisfied",IF(J54=3,"Neutral","Dissatisfied"))) -> Dissatisfied | P54: =IF(I54="Closed","Resolved",IF(I54="Resolved","Resolved","Unresolved")) -> Resolved | Q54: =IF(K54="","",TEXT(K54,"mmm-yyyy")) -> Jul-2025 | R54: =IF(K54="","",DATE(YEAR(K54),MONTH(K54),1)) -> 45839
A55: TCK-000054 | B55: 2025-07-20T08:16:48Z | C55: 1691 | D55: Social | E55: Normal | F55: Performance | G55: 93 | H55: 2645 | I55: closed | J55: 4 | K55: =IF(B55="","",DATEVALUE(LEFT(B55,10))) -> 45858 | L55: =IF(H55="","",H55/60) -> 44.083333 | M55: =IF(G55="","",G55/60) -> 1.55 | N55: =IF(L55="","Open",IF(L55<=IF(E55="Urgent",8,IF(E55="High",24,IF(E55="Normal",48,72))),"Within SLA","Breached")) -> Within SLA | O55: =IF(J55="","No Rating",IF(J55>=4,"Satisfied",IF(J55=3,"Neutral","Dissatisfied"))) -> Satisfied | P55: =IF(I55="Closed","Resolved",IF(I55="Resolved","Resolved","Unresolved")) -> Resolved | Q55: =IF(K55="","",TEXT(K55,"mmm-yyyy")) -> Jul-2025 | R55: =IF(K55="","",DATE(YEAR(K55),MONTH(K55),1)) -> 45839
A56: TCK-000055 | B56: 2025-07-20T17:02:24Z | C56: 1304 | D56: Social | E56: High | F56: Performance | G56: 38 | H56: 332 | I56: closed | K56: =IF(B56="","",DATEVALUE(LEFT(B56,10))) -> 45858 | L56: =IF(H56="","",H56/60) -> 5.5333333 | M56: =IF(G56="","",G56/60) -> 0.63333333 | N56: =IF(L56="","Open",IF(L56<=IF(E56="Urgent",8,IF(E56="High",24,IF(E56="Normal",48,72))),"Within SLA","Breached")) -> Within SLA | O56: =IF(J56="","No Rating",IF(J56>=4,"Satisfied",IF(J56=3,"Neutral","Dissatisfied"))) -> No Rating | P56: =IF(I56="Closed","Resolved",IF(I56="Resolved","Resolved","Unresolved")) -> Resolved | Q56: =IF(K56="","",TEXT(K56,"mmm-yyyy")) -> Jul-2025 | R56: =IF(K56="","",DATE(YEAR(K56),MONTH(K56),1)) -> 45839
A57: TCK-000056 | B57: 2025-07-21T01:48:00Z | C57: 1014 | D57: Web form | E57: High | F57: Login | G57: 45 | H57: 603 | I57: closed | K57: =IF(B57="","",DATEVALUE(LEFT(B57,10))) -> 45859 | L57: =IF(H57="","",H57/60) -> 10.05 | M57: =IF(G57="","",G57/60) -> 0.75 | N57: =IF(L57="","Open",IF(L57<=IF(E57="Urgent",8,IF(E57="High",24,IF(E57="Normal",48,72))),"Within SLA","Breached")) -> Within SLA | O57: =IF(J57="","No Rating",IF(J57>=4,"Satisfied",IF(J57=3,"Neutral","Dissatisfied"))) -> No Rating | P57: =IF(I57="Closed","Resolved",IF(I57="Resolved","Resolved","Unresolved")) -> Resolved | Q57: =IF(K57="","",TEXT(K57,"mmm-yyyy")) -> Jul-2025 | R57: =IF(K57="","",DATE(YEAR(K57),MONTH(K57),1)) -> 45839
A58: TCK-000057 | B58: 2025-07-21T10:33:36Z | C58: 1302 | D58: Email | E58: Normal | F58: Billing | G58: 135 | H58: 1536 | I58: resolved | J58: 5 | K58: =IF(B58="","",DATEVALUE(LEFT(B58,10))) -> 45859 | L58: =IF(H58="","",H58/60) -> 25.6 | M58: =IF(G58="","",G58/60) -> 2.25 | N58: =IF(L58="","Open",IF(L58<=IF(E58="Urgent",8,IF(E58="High",24,IF(E58="Normal",48,72))),"Within SLA","Breached")) -> Within SLA | O58: =IF(J58="","No Rating",IF(J58>=4,"Satisfied",IF(J58=3,"Neutral","Dissatisfied"))) -> Satisfied | P58: =IF(I58="Closed","Resolved",IF(I58="Resolved","Resolved","Unresolved")) -> Resolved | Q58: =IF(K58="","",TEXT(K58,"mmm-yyyy")) -> Jul-2025 | R58: =IF(K58="","",DATE(YEAR(K58),MONTH(K58),1)) -> 45839
A59: TCK-000058 | B59: 2025-07-21T19:19:12Z | C59: 1044 | D59: Phone | E59: Urgent | F59: Bug report | G59: 9 | H59: 253 | I59: closed | K59: =IF(B59="","",DATEVALUE(LEFT(B59,10))) -> 45859 | L59: =IF(H59="","",H59/60) -> 4.2166667 | M59: =IF(G59="","",G59/60) -> 0.15 | N59: =IF(L59="","Open",IF(L59<=IF(E59="Urgent",8,IF(E59="High",24,IF(E59="Normal",48,72))),"Within SLA","Breached")) -> Within SLA | O59: =IF(J59="","No Rating",IF(J59>=4,"Satisfied",IF(J59=3,"Neutral","Dissatisfied"))) -> No Rating | P59: =IF(I59="Closed","Resolved",IF(I59="Resolved","Resolved","Unresolved")) -> Resolved | Q59: =IF(K59="","",TEXT(K59,"mmm-yyyy")) -> Jul-2025 | R59: =IF(K59="","",DATE(YEAR(K59),MONTH(K59),1)) -> 45839
A60: TCK-000059 | B60: 2025-07-22T04:04:48Z | C60: 1852 | D60: Email | E60: Low | F60: Billing | G60: 334 | H60: 7272 | I60: resolved | J60: 5 | K60: =IF(B60="","",DATEVALUE(LEFT(B60,10))) -> 45860 | L60: =IF(H60="","",H60/60) -> 121.2 | M60: =IF(G60="","",G60/60) -> 5.5666667 | N60: =IF(L60="","Open",IF(L60<=IF(E60="Urgent",8,IF(E60="High",24,IF(E60="Normal",48,72))),"Within SLA","Breached")) -> Breached | O60: =IF(J60="","No Rating",IF(J60>=4,"Satisfied",IF(J60=3,"Neutral","Dissatisfied"))) -> Satisfied | P60: =IF(I60="Closed","Resolved",IF(I60="Resolved","Resolved","Unresolved")) -> Resolved | Q60: =IF(K60="","",TEXT(K60,"mmm-yyyy")) -> Jul-2025 | R60: =IF(K60="","",DATE(YEAR(K60),MONTH(K60),1)) -> 45839
A61: TCK-000060 | B61: 2025-07-22T12:50:24Z | C61: 1272 | D61: Email | E61: Low | F61: Feature request | G61: 358 | H61: 8804 | I61: resolved | J61: 4 | K61: =IF(B61="","",DATEVALUE(LEFT(B61,10))) -> 45860 | L61: =IF(H61="","",H61/60) -> 146.73333 | M61: =IF(G61="","",G61/60) -> 5.9666667 | N61: =IF(L61="","Open",IF(L61<=IF(E61="Urgent",8,IF(E61="High",24,IF(E61="Normal",48,72))),"Within SLA","Breached")) -> Breached | O61: =IF(J61="","No Rating",IF(J61>=4,"Satisfied",IF(J61=3,"Neutral","Dissatisfied"))) -> Satisfied | P61: =IF(I61="Closed","Resolved",IF(I61="Resolved","Resolved","Unresolved")) -> Resolved | Q61: =IF(K61="","",TEXT(K61,"mmm-yyyy")) -> Jul-2025 | R61: =IF(K61="","",DATE(YEAR(K61),MONTH(K61),1)) -> 45839
A62: TCK-000061 | B62: 2025-07-22T21:36:00Z | C62: 1510 | D62: Chat | E62: Low | F62: Login | G62: 83 | H62: 5306 | I62: closed | J62: 4 | K62: =IF(B62="","",DATEVALUE(LEFT(B62,10))) -> 45860 | L62: =IF(H62="","",H62/60) -> 88.433333 | M62: =IF(G62="","",G62/60) -> 1.3833333 | N62: =IF(L62="","Open",IF(L62<=IF(E62="Urgent",8,IF(E62="High",24,IF(E62="Normal",48,72))),"Within SLA","Breached")) -> Breached | O62: =IF(J62="","No Rating",IF(J62>=4,"Satisfied",IF(J62=3,"Neutral","Dissatisfied"))) -> Satisfied | P62: =IF(I62="Closed","Resolved",IF(I62="Resolved","Resolved","Unresolved")) -> Resolved | Q62: =IF(K62="","",TEXT(K62,"mmm-yyyy")) -> Jul-2025 | R62: =IF(K62="","",DATE(YEAR(K62),MONTH(K62),1)) -> 45839
A63: TCK-000062 | B63: 2025-07-23T06:21:36Z | C63: 1846 | D63: Social | E63: Normal | F63: Bug report | G63: 92 | H63: 2405 | I63: resolved | J63: 4 | K63: =IF(B63="","",DATEVALUE(LEFT(B63,10))) -> 45861 | L63: =IF(H63="","",H63/60) -> 40.083333 | M63: =IF(G63="","",G63/60) -> 1.5333333 | N63: =IF(L63="","Open",IF(L63<=IF(E63="Urgent",8,IF(E63="High",24,IF(E63="Normal",48,72))),"Within SLA","Breached")) -> Within SLA | O63: =IF(J63="","No Rating",IF(J63>=4,"Satisfied",IF(J63=3,"Neutral","Dissatisfied"))) -> Satisfied | P63: =IF(I63="Closed","Resolved",IF(I63="Resolved","Resolved","Unresolved")) -> Resolved | Q63: =IF(K63="","",TEXT(K63,"mmm-yyyy")) -> Jul-2025 | R63: =IF(K63="","",DATE(YEAR(K63),MONTH(K63),1)) -> 45839
A64: TCK-000063 | B64: 2025-07-23T15:07:12Z | C64: 1505 | D64: Email | E64: Normal | F64: Login | G64: 37 | H64: 3555 | I64: closed | J64: 3 | K64: =IF(B64="","",DATEVALUE(LEFT(B64,10))) -> 45861 | L64: =IF(H64="","",H64/60) -> 59.25 | M64: =IF(G64="","",G64/60) -> 0.61666667 | N64: =IF(L64="","Open",IF(L64<=IF(E64="Urgent",8,IF(E64="High",24,IF(E64="Normal",48,72))),"Within SLA","Breached")) -> Breached | O64: =IF(J64="","No Rating",IF(J64>=4,"Satisfied",IF(J64=3,"Neutral","Dissatisfied"))) -> Neutral | P64: =IF(I64="Closed","Resolved",IF(I64="Resolved","Resolved","Unresolved")) -> Resolved | Q64: =IF(K64="","",TEXT(K64,"mmm-yyyy")) -> Jul-2025 | R64: =IF(K64="","",DATE(YEAR(K64),MONTH(K64),1)) -> 45839
A65: TCK-000064 | B65: 2025-07-23T23:52:48Z | C65: 1163 | D65: Web form | E65: Normal | F65: Integration | G65: 82 | I65: pending | K65: =IF(B65="","",DATEVALUE(LEFT(B65,10))) -> 45861 | L65: =IF(H65="","",H65/60) | M65: =IF(G65="","",G65/60) -> 1.3666667 | N65: =IF(L65="","Open",IF(L65<=IF(E65="Urgent",8,IF(E65="High",24,IF(E65="Normal",48,72))),"Within SLA","Breached")) -> Open | O65: =IF(J65="","No Rating",IF(J65>=4,"Satisfied",IF(J65=3,"Neutral","Dissatisfied"))) -> No Rating | P65: =IF(I65="Closed","Resolved",IF(I65="Resolved","Resolved","Unresolved")) -> Unresolved | Q65: =IF(K65="","",TEXT(K65,"mmm-yyyy")) -> Jul-2025 | R65: =IF(K65="","",DATE(YEAR(K65),MONTH(K65),1)) -> 45839
A66: TCK-000065 | B66: 2025-07-24T08:38:24Z | C66: 1467 | D66: Social | E66: Normal | F66: Data import | G66: 154 | H66: 953 | I66: closed | J66: 5 | K66: =IF(B66="","",DATEVALUE(LEFT(B66,10))) -> 45862 | L66: =IF(H66="","",H66/60) -> 15.883333 | M66: =IF(G66="","",G66/60) -> 2.5666667 | N66: =IF(L66="","Open",IF(L66<=IF(E66="Urgent",8,IF(E66="High",24,IF(E66="Normal",48,72))),"Within SLA","Breached")) -> Within SLA | O66: =IF(J66="","No Rating",IF(J66>=4,"Satisfied",IF(J66=3,"Neutral","Dissatisfied"))) -> Satisfied | P66: =IF(I66="Closed","Resolved",IF(I66="Resolved","Resolved","Unresolved")) -> Resolved | Q66: =IF(K66="","",TEXT(K66,"mmm-yyyy")) -> Jul-2025 | R66: =IF(K66="","",DATE(YEAR(K66),MONTH(K66),1)) -> 45839
A67: TCK-000066 | B67: 2025-07-24T17:24:00Z | C67: 1727 | D67: Web form | E67: High | F67: Performance | G67: 18 | H67: 517 | I67: closed | K67: =IF(B67="","",DATEVALUE(LEFT(B67,10))) -> 45862 | L67: =IF(H67="","",H67/60) -> 8.6166667 | M67: =IF(G67="","",G67/60) -> 0.3 | N67: =IF(L67="","Open",IF(L67<=IF(E67="Urgent",8,IF(E67="High",24,IF(E67="Normal",48,72))),"Within SLA","Breached")) -> Within SLA | O67: =IF(J67="","No Rating",IF(J67>=4,"Satisfied",IF(J67=3,"Neutral","Dissatisfied"))) -> No Rating | P67: =IF(I67="Closed","Resolved",IF(I67="Resolved","Resolved","Unresolved")) -> Resolved | Q67: =IF(K67="","",TEXT(K67,"mmm-yyyy")) -> Jul-2025 | R67: =IF(K67="","",DATE(YEAR(K67),MONTH(K67),1)) -> 45839
A68: TCK-000067 | B68: 2025-07-25T02:09:36Z | C68: 1656 | D68: Social | E68: Normal | F68: Login | G68: 146 | I68: open | K68: =IF(B68="","",DATEVALUE(LEFT(B68,10))) -> 45863 | L68: =IF(H68="","",H68/60) | M68: =IF(G68="","",G68/60) -> 2.4333333 | N68: =IF(L68="","Open",IF(L68<=IF(E68="Urgent",8,IF(E68="High",24,IF(E68="Normal",48,72))),"Within SLA","Breached")) -> Open | O68: =IF(J68="","No Rating",IF(J68>=4,"Satisfied",IF(J68=3,"Neutral","Dissatisfied"))) -> No Rating | P68: =IF(I68="Closed","Resolved",IF(I68="Resolved","Resolved","Unresolved")) -> Unresolved | Q68: =IF(K68="","",TEXT(K68,"mmm-yyyy")) -> Jul-2025 | R68: =IF(K68="","",DATE(YEAR(K68),MONTH(K68),1)) -> 45839
A69: TCK-000068 | B69: 2025-07-25T10:55:12Z | C69: 1142 | D69: Web form | E69: Low | F69: Performance | G69: 225 | H69: 4766 | I69: resolved | J69: 2 | K69: =IF(B69="","",DATEVALUE(LEFT(B69,10))) -> 45863 | L69: =IF(H69="","",H69/60) -> 79.433333 | M69: =IF(G69="","",G69/60) -> 3.75 | N69: =IF(L69="","Open",IF(L69<=IF(E69="Urgent",8,IF(E69="High",24,IF(E69="Normal",48,72))),"Within SLA","Breached")) -> Breached | O69: =IF(J69="","No Rating",IF(J69>=4,"Satisfied",IF(J69=3,"Neutral","Dissatisfied"))) -> Dissatisfied | P69: =IF(I69="Closed","Resolved",IF(I69="Resolved","Resolved","Unresolved")) -> Resolved | Q69: =IF(K69="","",TEXT(K69,"mmm-yyyy")) -> Jul-2025 | R69: =IF(K69="","",DATE(YEAR(K69),MONTH(K69),1)) -> 45839
A70: TCK-000069 | B70: 2025-07-25T19:40:48Z | C70: 1767 | D70: Social | E70: Normal | F70: Account | G70: 127 | H70: 671 | I70: resolved | J70: 4 | K70: =IF(B70="","",DATEVALUE(LEFT(B70,10))) -> 45863 | L70: =IF(H70="","",H70/60) -> 11.183333 | M70: =IF(G70="","",G70/60) -> 2.1166667 | N70: =IF(L70="","Open",IF(L70<=IF(E70="Urgent",8,IF(E70="High",24,IF(E70="Normal",48,72))),"Within SLA","Breached")) -> Within SLA | O70: =IF(J70="","No Rating",IF(J70>=4,"Satisfied",IF(J70=3,"Neutral","Dissatisfied"))) -> Satisfied | P70: =IF(I70="Closed","Resolved",IF(I70="Resolved","Resolved","Unresolved")) -> Resolved | Q70: =IF(K70="","",TEXT(K70,"mmm-yyyy")) -> Jul-2025 | R70: =IF(K70="","",DATE(YEAR(K70),MONTH(K70),1)) -> 45839
A71: TCK-000070 | B71: 2025-07-26T04:26:24Z | C71: 1103 | D71: Chat | E71: Normal | F71: Integration | G71: 150 | H71: 2818 | I71: closed | K71: =IF(B71="","",DATEVALUE(LEFT(B71,10))) -> 45864 | L71: =IF(H71="","",H71/60) -> 46.966667 | M71: =IF(G71="","",G71/60) -> 2.5 | N71: =IF(L71="","Open",IF(L71<=IF(E71="Urgent",8,IF(E71="High",24,IF(E71="Normal",48,72))),"Within SLA","Breached")) -> Within SLA | O71: =IF(J71="","No Rating",IF(J71>=4,"Satisfied",IF(J71=3,"Neutral","Dissatisfied"))) -> No Rating | P71: =IF(I71="Closed","Resolved",IF(I71="Resolved","Resolved","Unresolved")) -> Resolved | Q71: =IF(K71="","",TEXT(K71,"mmm-yyyy")) -> Jul-2025 | R71: =IF(K71="","",DATE(YEAR(K71),MONTH(K71),1)) -> 45839
A72: TCK-000071 | B72: 2025-07-26T13:12:00Z | C72: 1188 | D72: Chat | E72: Low | F72: Export | G72: 98 | H72: 6022 | I72: resolved | J72: 2 | K72: =IF(B72="","",DATEVALUE(LEFT(B72,10))) -> 45864 | L72: =IF(H72="","",H72/60) -> 100.36667 | M72: =IF(G72="","",G72/60) -> 1.6333333 | N72: =IF(L72="","Open",IF(L72<=IF(E72="Urgent",8,IF(E72="High",24,IF(E72="Normal",48,72))),"Within SLA","Breached")) -> Breached | O72: =IF(J72="","No Rating",IF(J72>=4,"Satisfied",IF(J72=3,"Neutral","Dissatisfied"))) -> Dissatisfied | P72: =IF(I72="Closed","Resolved",IF(I72="Resolved","Resolved","Unresolved")) -> Resolved | Q72: =IF(K72="","",TEXT(K72,"mmm-yyyy")) -> Jul-2025 | R72: =IF(K72="","",DATE(YEAR(K72),MONTH(K72),1)) -> 45839
A73: TCK-000072 | B73: 2025-07-26T21:57:36Z | C73: 1455 | D73: Phone | E73: Urgent | F73: Billing | G73: 9 | I73: open | K73: =IF(B73="","",DATEVALUE(LEFT(B73,10))) -> 45864 | L73: =IF(H73="","",H73/60) | M73: =IF(G73="","",G73/60) -> 0.15 | N73: =IF(L73="","Open",IF(L73<=IF(E73="Urgent",8,IF(E73="High",24,IF(E73="Normal",48,72))),"Within SLA","Breached")) -> Open | O73: =IF(J73="","No Rating",IF(J73>=4,"Satisfied",IF(J73=3,"Neutral","Dissatisfied"))) -> No Rating | P73: =IF(I73="Closed","Resolved",IF(I73="Resolved","Resolved","Unresolved")) -> Unresolved | Q73: =IF(K73="","",TEXT(K73,"mmm-yyyy")) -> Jul-2025 | R73: =IF(K73="","",DATE(YEAR(K73),MONTH(K73),1)) -> 45839
A74: TCK-000073 | B74: 2025-07-27T06:43:12Z | C74: 1179 | D74: Phone | E74: Normal | F74: Integration | G74: 85 | H74: 3589 | I74: closed | K74: =IF(B74="","",DATEVALUE(LEFT(B74,10))) -> 45865 | L74: =IF(H74="","",H74/60) -> 59.816667 | M74: =IF(G74="","",G74/60) -> 1.4166667 | N74: =IF(L74="","Open",IF(L74<=IF(E74="Urgent",8,IF(E74="High",24,IF(E74="Normal",48,72))),"Within SLA","Breached")) -> Breached | O74: =IF(J74="","No Rating",IF(J74>=4,"Satisfied",IF(J74=3,"Neutral","Dissatisfied"))) -> No Rating | P74: =IF(I74="Closed","Resolved",IF(I74="Resolved","Resolved","Unresolved")) -> Resolved | Q74: =IF(K74="","",TEXT(K74,"mmm-yyyy")) -> Jul-2025 | R74: =IF(K74="","",DATE(YEAR(K74),MONTH(K74),1)) -> 45839
A75: TCK-000074 | B75: 2025-07-27T15:28:48Z | C75: 1974 | D75: Phone | E75: Urgent | F75: Export | G75: 7 | H75: 253 | I75: closed | J75: 5 | K75: =IF(B75="","",DATEVALUE(LEFT(B75,10))) -> 45865 | L75: =IF(H75="","",H75/60) -> 4.2166667 | M75: =IF(G75="","",G75/60) -> 0.11666667 | N75: =IF(L75="","Open",IF(L75<=IF(E75="Urgent",8,IF(E75="High",24,IF(E75="Normal",48,72))),"Within SLA","Breached")) -> Within SLA | O75: =IF(J75="","No Rating",IF(J75>=4,"Satisfied",IF(J75=3,"Neutral","Dissatisfied"))) -> Satisfied | P75: =IF(I75="Closed","Resolved",IF(I75="Resolved","Resolved","Unresolved")) -> Resolved | Q75: =IF(K75="","",TEXT(K75,"mmm-yyyy")) -> Jul-2025 | R75: =IF(K75="","",DATE(YEAR(K75),MONTH(K75),1)) -> 45839
A76: TCK-000075 | B76: 2025-07-28T00:14:24Z | C76: 1401 | D76: Web form | E76: Urgent | F76: Performance | G76: 8 | H76: 196 | I76: closed | J76: 3 | K76: =IF(B76="","",DATEVALUE(LEFT(B76,10))) -> 45866 | L76: =IF(H76="","",H76/60) -> 3.2666667 | M76: =IF(G76="","",G76/60) -> 0.13333333 | N76: =IF(L76="","Open",IF(L76<=IF(E76="Urgent",8,IF(E76="High",24,IF(E76="Normal",48,72))),"Within SLA","Breached")) -> Within SLA | O76: =IF(J76="","No Rating",IF(J76>=4,"Satisfied",IF(J76=3,"Neutral","Dissatisfied"))) -> Neutral | P76: =IF(I76="Closed","Resolved",IF(I76="Resolved","Resolved","Unresolved")) -> Resolved | Q76: =IF(K76="","",TEXT(K76,"mmm-yyyy")) -> Jul-2025 | R76: =IF(K76="","",DATE(YEAR(K76),MONTH(K76),1)) -> 45839
A77: TCK-000076 | B77: 2025-07-28T09:00:00Z | C77: 1780 | D77: Social | E77: Normal | F77: Bug report | G77: 100 | H77: 3400 | I77: resolved | J77: 2 | K77: =IF(B77="","",DATEVALUE(LEFT(B77,10))) -> 45866 | L77: =IF(H77="","",H77/60) -> 56.666667 | M77: =IF(G77="","",G77/60) -> 1.6666667 | N77: =IF(L77="","Open",IF(L77<=IF(E77="Urgent",8,IF(E77="High",24,IF(E77="Normal",48,72))),"Within SLA","Breached")) -> Breached | O77: =IF(J77="","No Rating",IF(J77>=4,"Satisfied",IF(J77=3,"Neutral","Dissatisfied"))) -> Dissatisfied | P77: =IF(I77="Closed","Resolved",IF(I77="Resolved","Resolved","Unresolved")) -> Resolved | Q77: =IF(K77="","",TEXT(K77,"mmm-yyyy")) -> Jul-2025 | R77: =IF(K77="","",DATE(YEAR(K77),MONTH(K77),1)) -> 45839
A78: TCK-000077 | B78: 2025-07-28T17:45:36Z | C78: 1773 | D78: Email | E78: Normal | F78: Integration | G78: 75 | H78: 1890 | I78: closed | J78: 1 | K78: =IF(B78="","",DATEVALUE(LEFT(B78,10))) -> 45866 | L78: =IF(H78="","",H78/60) -> 31.5 | M78: =IF(G78="","",G78/60) -> 1.25 | N78: =IF(L78="","Open",IF(L78<=IF(E78="Urgent",8,IF(E78="High",24,IF(E78="Normal",48,72))),"Within SLA","Breached")) -> Within SLA | O78: =IF(J78="","No Rating",IF(J78>=4,"Satisfied",IF(J78=3,"Neutral","Dissatisfied"))) -> Dissatisfied | P78: =IF(I78="Closed","Resolved",IF(I78="Resolved","Resolved","Unresolved")) -> Resolved | Q78: =IF(K78="","",TEXT(K78,"mmm-yyyy")) -> Jul-2025 | R78: =IF(K78="","",DATE(YEAR(K78),MONTH(K78),1)) -> 45839
A79: TCK-000078 | B79: 2025-07-29T02:31:12Z | C79: 1827 | D79: Chat | E79: Normal | F79: Performance | G79: 110 | H79: 804 | I79: closed | K79: =IF(B79="","",DATEVALUE(LEFT(B79,10))) -> 45867 | L79: =IF(H79="","",H79/60) -> 13.4 | M79: =IF(G79="","",G79/60) -> 1.8333333 | N79: =IF(L79="","Open",IF(L79<=IF(E79="Urgent",8,IF(E79="High",24,IF(E79="Normal",48,72))),"Within SLA","Breached")) -> Within SLA | O79: =IF(J79="","No Rating",IF(J79>=4,"Satisfied",IF(J79=3,"Neutral","Dissatisfied"))) -> No Rating | P79: =IF(I79="Closed","Resolved",IF(I79="Resolved","Resolved","Unresolved")) -> Resolved | Q79: =IF(K79="","",TEXT(K79,"mmm-yyyy")) -> Jul-2025 | R79: =IF(K79="","",DATE(YEAR(K79),MONTH(K79),1)) -> 45839
A80: TCK-000079 | B80: 2025-07-29T11:16:48Z | C80: 1320 | D80: Email | E80: Urgent | F80: Bug report | G80: 12 | I80: open | K80: =IF(B80="","",DATEVALUE(LEFT(B80,10))) -> 45867 | L80: =IF(H80="","",H80/60) | M80: =IF(G80="","",G80/60) -> 0.2 | N80: =IF(L80="","Open",IF(L80<=IF(E80="Urgent",8,IF(E80="High",24,IF(E80="Normal",48,72))),"Within SLA","Breached")) -> Open | O80: =IF(J80="","No Rating",IF(J80>=4,"Satisfied",IF(J80=3,"Neutral","Dissatisfied"))) -> No Rating | P80: =IF(I80="Closed","Resolved",IF(I80="Resolved","Resolved","Unresolved")) -> Unresolved | Q80: =IF(K80="","",TEXT(K80,"mmm-yyyy")) -> Jul-2025 | R80: =IF(K80="","",DATE(YEAR(K80),MONTH(K80),1)) -> 45839
A81: TCK-000080 | B81: 2025-07-29T20:02:24Z | C81: 1809 | D81: Email | E81: Low | F81: Integration | G81: 478 | H81: 7910 | I81: closed | J81: 1 | K81: =IF(B81="","",DATEVALUE(LEFT(B81,10))) -> 45867 | L81: =IF(H81="","",H81/60) -> 131.83333 | M81: =IF(G81="","",G81/60) -> 7.9666667 | N81: =IF(L81="","Open",IF(L81<=IF(E81="Urgent",8,IF(E81="High",24,IF(E81="Normal",48,72))),"Within SLA","Breached")) -> Breached | O81: =IF(J81="","No Rating",IF(J81>=4,"Satisfied",IF(J81=3,"Neutral","Dissatisfied"))) -> Dissatisfied | P81: =IF(I81="Closed","Resolved",IF(I81="Resolved","Resolved","Unresolved")) -> Resolved | Q81: =IF(K81="","",TEXT(K81,"mmm-yyyy")) -> Jul-2025 | R81: =IF(K81="","",DATE(YEAR(K81),MONTH(K81),1)) -> 45839
A82: TCK-000081 | B82: 2025-07-30T04:48:00Z | C82: 1190 | D82: Chat | E82: Low | F82: Account | G82: 372 | I82: open | K82: =IF(B82="","",DATEVALUE(LEFT(B82,10))) -> 45868 | L82: =IF(H82="","",H82/60) | M82: =IF(G82="","",G82/60) -> 6.2 | N82: =IF(L82="","Open",IF(L82<=IF(E82="Urgent",8,IF(E82="High",24,IF(E82="Normal",48,72))),"Within SLA","Breached")) -> Open | O82: =IF(J82="","No Rating",IF(J82>=4,"Satisfied",IF(J82=3,"Neutral","Dissatisfied"))) -> No Rating | P82: =IF(I82="Closed","Resolved",IF(I82="Resolved","Resolved","Unresolved")) -> Unresolved | Q82: =IF(K82="","",TEXT(K82,"mmm-yyyy")) -> Jul-2025 | R82: =IF(K82="","",DATE(YEAR(K82),MONTH(K82),1)) -> 45839
A83: TCK-000082 | B83: 2025-07-30T13:33:36Z | C83: 1525 | D83: Social | E83: Low | F83: Export | G83: 251 | H83: 8454 | I83: resolved | K83: =IF(B83="","",DATEVALUE(LEFT(B83,10))) -> 45868 | L83: =IF(H83="","",H83/60) -> 140.9 | M83: =IF(G83="","",G83/60) -> 4.1833333 | N83: =IF(L83="","Open",IF(L83<=IF(E83="Urgent",8,IF(E83="High",24,IF(E83="Normal",48,72))),"Within SLA","Breached")) -> Breached | O83: =IF(J83="","No Rating",IF(J83>=4,"Satisfied",IF(J83=3,"Neutral","Dissatisfied"))) -> No Rating | P83: =IF(I83="Closed","Resolved",IF(I83="Resolved","Resolved","Unresolved")) -> Resolved | Q83: =IF(K83="","",TEXT(K83,"mmm-yyyy")) -> Jul-2025 | R83: =IF(K83="","",DATE(YEAR(K83),MONTH(K83),1)) -> 45839
A84: TCK-000083 | B84: 2025-07-30T22:19:12Z | C84: 1223 | D84: Chat | E84: Normal | F84: Performance | G84: 154 | H84: 2138 | I84: closed | J84: 5 | K84: =IF(B84="","",DATEVALUE(LEFT(B84,10))) -> 45868 | L84: =IF(H84="","",H84/60) -> 35.633333 | M84: =IF(G84="","",G84/60) -> 2.5666667 | N84: =IF(L84="","Open",IF(L84<=IF(E84="Urgent",8,IF(E84="High",24,IF(E84="Normal",48,72))),"Within SLA","Breached")) -> Within SLA | O84: =IF(J84="","No Rating",IF(J84>=4,"Satisfied",IF(J84=3,"Neutral","Dissatisfied"))) -> Satisfied | P84: =IF(I84="Closed","Resolved",IF(I84="Resolved","Resolved","Unresolved")) -> Resolved | Q84: =IF(K84="","",TEXT(K84,"mmm-yyyy")) -> Jul-2025 | R84: =IF(K84="","",DATE(YEAR(K84),MONTH(K84),1)) -> 45839
A85: TCK-000084 | B85: 2025-07-31T07:04:48Z | C85: 1500 | D85: Social | E85: Low | F85: Account | G85: 397 | H85: 4199 | I85: resolved | J85: 3 | K85: =IF(B85="","",DATEVALUE(LEFT(B85,10))) -> 45869 | L85: =IF(H85="","",H85/60) -> 69.983333 | M85: =IF(G85="","",G85/60) -> 6.6166667 | N85: =IF(L85="","Open",IF(L85<=IF(E85="Urgent",8,IF(E85="High",24,IF(E85="Normal",48,72))),"Within SLA","Breached")) -> Within SLA | O85: =IF(J85="","No Rating",IF(J85>=4,"Satisfied",IF(J85=3,"Neutral","Dissatisfied"))) -> Neutral | P85: =IF(I85="Closed","Resolved",IF(I85="Resolved","Resolved","Unresolved")) -> Resolved | Q85: =IF(K85="","",TEXT(K85,"mmm-yyyy")) -> Jul-2025 | R85: =IF(K85="","",DATE(YEAR(K85),MONTH(K85),1)) -> 45839
A86: TCK-000085 | B86: 2025-07-31T15:50:24Z | C86: 1134 | D86: Web form | E86: Urgent | F86: Bug report | G86: 8 | I86: pending | K86: =IF(B86="","",DATEVALUE(LEFT(B86,10))) -> 45869 | L86: =IF(H86="","",H86/60) | M86: =IF(G86="","",G86/60) -> 0.13333333 | N86: =IF(L86="","Open",IF(L86<=IF(E86="Urgent",8,IF(E86="High",24,IF(E86="Normal",48,72))),"Within SLA","Breached")) -> Open | O86: =IF(J86="","No Rating",IF(J86>=4,"Satisfied",IF(J86=3,"Neutral","Dissatisfied"))) -> No Rating | P86: =IF(I86="Closed","Resolved",IF(I86="Resolved","Resolved","Unresolved")) -> Unresolved | Q86: =IF(K86="","",TEXT(K86,"mmm-yyyy")) -> Jul-2025 | R86: =IF(K86="","",DATE(YEAR(K86),MONTH(K86),1)) -> 45839
A87: TCK-000086 | B87: 2025-08-01T00:36:00Z | C87: 1988 | D87: Web form | E87: Urgent | F87: Billing | G87: 9 | H87: 171 | I87: closed | K87: =IF(B87="","",DATEVALUE(LEFT(B87,10))) -> 45870 | L87: =IF(H87="","",H87/60) -> 2.85 | M87: =IF(G87="","",G87/60) -> 0.15 | N87: =IF(L87="","Open",IF(L87<=IF(E87="Urgent",8,IF(E87="High",24,IF(E87="Normal",48,72))),"Within SLA","Breached")) -> Within SLA | O87: =IF(J87="","No Rating",IF(J87>=4,"Satisfied",IF(J87=3,"Neutral","Dissatisfied"))) -> No Rating | P87: =IF(I87="Closed","Resolved",IF(I87="Resolved","Resolved","Unresolved")) -> Resolved | Q87: =IF(K87="","",TEXT(K87,"mmm-yyyy")) -> Aug-2025 | R87: =IF(K87="","",DATE(YEAR(K87),MONTH(K87),1)) -> 45870
A88: TCK-000087 | B88: 2025-08-01T09:21:36Z | C88: 1483 | D88: Social | E88: Normal | F88: Billing | G88: 38 | I88: open | K88: =IF(B88="","",DATEVALUE(LEFT(B88,10))) -> 45870 | L88: =IF(H88="","",H88/60) | M88: =IF(G88="","",G88/60) -> 0.63333333 | N88: =IF(L88="","Open",IF(L88<=IF(E88="Urgent",8,IF(E88="High",24,IF(E88="Normal",48,72))),"Within SLA","Breached")) -> Open | O88: =IF(J88="","No Rating",IF(J88>=4,"Satisfied",IF(J88=3,"Neutral","Dissatisfied"))) -> No Rating | P88: =IF(I88="Closed","Resolved",IF(I88="Resolved","Resolved","Unresolved")) -> Unresolved | Q88: =IF(K88="","",TEXT(K88,"mmm-yyyy")) -> Aug-2025 | R88: =IF(K88="","",DATE(YEAR(K88),MONTH(K88),1)) -> 45870
A89: TCK-000088 | B89: 2025-08-01T18:07:12Z | C89: 1668 | D89: Web form | E89: Low | F89: Feature request | G89: 144 | I89: open | K89: =IF(B89="","",DATEVALUE(LEFT(B89,10))) -> 45870 | L89: =IF(H89="","",H89/60) | M89: =IF(G89="","",G89/60) -> 2.4 | N89: =IF(L89="","Open",IF(L89<=IF(E89="Urgent",8,IF(E89="High",24,IF(E89="Normal",48,72))),"Within SLA","Breached")) -> Open | O89: =IF(J89="","No Rating",IF(J89>=4,"Satisfied",IF(J89=3,"Neutral","Dissatisfied"))) -> No Rating | P89: =IF(I89="Closed","Resolved",IF(I89="Resolved","Resolved","Unresolved")) -> Unresolved | Q89: =IF(K89="","",TEXT(K89,"mmm-yyyy")) -> Aug-2025 | R89: =IF(K89="","",DATE(YEAR(K89),MONTH(K89),1)) -> 45870
A90: TCK-000089 | B90: 2025-08-02T02:52:48Z | C90: 1271 | D90: Web form | E90: Low | F90: Export | G90: 443 | H90: 4495 | I90: closed | K90: =IF(B90="","",DATEVALUE(LEFT(B90,10))) -> 45871 | L90: =IF(H90="","",H90/60) -> 74.916667 | M90: =IF(G90="","",G90/60) -> 7.3833333 | N90: =IF(L90="","Open",IF(L90<=IF(E90="Urgent",8,IF(E90="High",24,IF(E90="Normal",48,72))),"Within SLA","Breached")) -> Breached | O90: =IF(J90="","No Rating",IF(J90>=4,"Satisfied",IF(J90=3,"Neutral","Dissatisfied"))) -> No Rating | P90: =IF(I90="Closed","Resolved",IF(I90="Resolved","Resolved","Unresolved")) -> Resolved | Q90: =IF(K90="","",TEXT(K90,"mmm-yyyy")) -> Aug-2025 | R90: =IF(K90="","",DATE(YEAR(K90),MONTH(K90),1)) -> 45870
A91: TCK-000090 | B91: 2025-08-02T11:38:24Z | C91: 1720 | D91: Phone | E91: High | F91: Billing | G91: 39 | H91: 1190 | I91: closed | J91: 2 | K91: =IF(B91="","",DATEVALUE(LEFT(B91,10))) -> 45871 | L91: =IF(H91="","",H91/60) -> 19.833333 | M91: =IF(G91="","",G91/60) -> 0.65 | N91: =IF(L91="","Open",IF(L91<=IF(E91="Urgent",8,IF(E91="High",24,IF(E91="Normal",48,72))),"Within SLA","Breached")) -> Within SLA | O91: =IF(J91="","No Rating",IF(J91>=4,"Satisfied",IF(J91=3,"Neutral","Dissatisfied"))) -> Dissatisfied | P91: =IF(I91="Closed","Resolved",IF(I91="Resolved","Resolved","Unresolved")) -> Resolved | Q91: =IF(K91="","",TEXT(K91,"mmm-yyyy")) -> Aug-2025 | R91: =IF(K91="","",DATE(YEAR(K91),MONTH(K91),1)) -> 45870
A92: TCK-000091 | B92: 2025-08-02T20:24:00Z | C92: 1470 | D92: Social | E92: Low | F92: Bug report | G92: 363 | I92: pending | K92: =IF(B92="","",DATEVALUE(LEFT(B92,10))) -> 45871 | L92: =IF(H92="","",H92/60) | M92: =IF(G92="","",G92/60) -> 6.05 | N92: =IF(L92="","Open",IF(L92<=IF(E92="Urgent",8,IF(E92="High",24,IF(E92="Normal",48,72))),"Within SLA","Breached")) -> Open | O92: =IF(J92="","No Rating",IF(J92>=4,"Satisfied",IF(J92=3,"Neutral","Dissatisfied"))) -> No Rating | P92: =IF(I92="Closed","Resolved",IF(I92="Resolved","Resolved","Unresolved")) -> Unresolved | Q92: =IF(K92="","",TEXT(K92,"mmm-yyyy")) -> Aug-2025 | R92: =IF(K92="","",DATE(YEAR(K92),MONTH(K92),1)) -> 45870
A93: TCK-000092 | B93: 2025-08-03T05:09:36Z | C93: 1646 | D93: Email | E93: Low | F93: Data import | G93: 278 | H93: 2252 | I93: closed | J93: 3 | K93: =IF(B93="","",DATEVALUE(LEFT(B93,10))) -> 45872 | L93: =IF(H93="","",H93/60) -> 37.533333 | M93: =IF(G93="","",G93/60) -> 4.6333333 | N93: =IF(L93="","Open",IF(L93<=IF(E93="Urgent",8,IF(E93="High",24,IF(E93="Normal",48,72))),"Within SLA","Breached")) -> Within SLA | O93: =IF(J93="","No Rating",IF(J93>=4,"Satisfied",IF(J93=3,"Neutral","Dissatisfied"))) -> Neutral | P93: =IF(I93="Closed","Resolved",IF(I93="Resolved","Resolved","Unresolved")) -> Resolved | Q93: =IF(K93="","",TEXT(K93,"mmm-yyyy")) -> Aug-2025 | R93: =IF(K93="","",DATE(YEAR(K93),MONTH(K93),1)) -> 45870
A94: TCK-000093 | B94: 2025-08-03T13:55:12Z | C94: 1486 | D94: Chat | E94: High | F94: Bug report | G94: 28 | I94: pending | K94: =IF(B94="","",DATEVALUE(LEFT(B94,10))) -> 45872 | L94: =IF(H94="","",H94/60) | M94: =IF(G94="","",G94/60) -> 0.46666667 | N94: =IF(L94="","Open",IF(L94<=IF(E94="Urgent",8,IF(E94="High",24,IF(E94="Normal",48,72))),"Within SLA","Breached")) -> Open | O94: =IF(J94="","No Rating",IF(J94>=4,"Satisfied",IF(J94=3,"Neutral","Dissatisfied"))) -> No Rating | P94: =IF(I94="Closed","Resolved",IF(I94="Resolved","Resolved","Unresolved")) -> Unresolved | Q94: =IF(K94="","",TEXT(K94,"mmm-yyyy")) -> Aug-2025 | R94: =IF(K94="","",DATE(YEAR(K94),MONTH(K94),1)) -> 45870
A95: TCK-000094 | B95: 2025-08-03T22:40:48Z | C95: 1164 | D95: Email | E95: Low | F95: Export | G95: 182 | H95: 5584 | I95: closed | K95: =IF(B95="","",DATEVALUE(LEFT(B95,10))) -> 45872 | L95: =IF(H95="","",H95/60) -> 93.066667 | M95: =IF(G95="","",G95/60) -> 3.0333333 | N95: =IF(L95="","Open",IF(L95<=IF(E95="Urgent",8,IF(E95="High",24,IF(E95="Normal",48,72))),"Within SLA","Breached")) -> Breached | O95: =IF(J95="","No Rating",IF(J95>=4,"Satisfied",IF(J95=3,"Neutral","Dissatisfied"))) -> No Rating | P95: =IF(I95="Closed","Resolved",IF(I95="Resolved","Resolved","Unresolved")) -> Resolved | Q95: =IF(K95="","",TEXT(K95,"mmm-yyyy")) -> Aug-2025 | R95: =IF(K95="","",DATE(YEAR(K95),MONTH(K95),1)) -> 45870
A96: TCK-000095 | B96: 2025-08-04T07:26:24Z | C96: 1946 | D96: Web form | E96: High | F96: Billing | G96: 42 | H96: 906 | I96: resolved | J96: 4 | K96: =IF(B96="","",DATEVALUE(LEFT(B96,10))) -> 45873 | L96: =IF(H96="","",H96/60) -> 15.1 | M96: =IF(G96="","",G96/60) -> 0.7 | N96: =IF(L96="","Open",IF(L96<=IF(E96="Urgent",8,IF(E96="High",24,IF(E96="Normal",48,72))),"Within SLA","Breached")) -> Within SLA | O96: =IF(J96="","No Rating",IF(J96>=4,"Satisfied",IF(J96=3,"Neutral","Dissatisfied"))) -> Satisfied | P96: =IF(I96="Closed","Resolved",IF(I96="Resolved","Resolved","Unresolved")) -> Resolved | Q96: =IF(K96="","",TEXT(K96,"mmm-yyyy")) -> Aug-2025 | R96: =IF(K96="","",DATE(YEAR(K96),MONTH(K96),1)) -> 45870
A97: TCK-000096 | B97: 2025-08-04T16:12:00Z | C97: 1559 | D97: Phone | E97: Low | F97: Performance | G97: 341 | H97: 6958 | I97: closed | K97: =IF(B97="","",DATEVALUE(LEFT(B97,10))) -> 45873 | L97: =IF(H97="","",H97/60) -> 115.96667 | M97: =IF(G97="","",G97/60) -> 5.6833333 | N97: =IF(L97="","Open",IF(L97<=IF(E97="Urgent",8,IF(E97="High",24,IF(E97="Normal",48,72))),"Within SLA","Breached")) -> Breached | O97: =IF(J97="","No Rating",IF(J97>=4,"Satisfied",IF(J97=3,"Neutral","Dissatisfied"))) -> No Rating | P97: =IF(I97="Closed","Resolved",IF(I97="Resolved","Resolved","Unresolved")) -> Resolved | Q97: =IF(K97="","",TEXT(K97,"mmm-yyyy")) -> Aug-2025 | R97: =IF(K97="","",DATE(YEAR(K97),MONTH(K97),1)) -> 45870
A98: TCK-000097 | B98: 2025-08-05T00:57:36Z | C98: 1154 | D98: Chat | E98: Normal | F98: Login | G98: 76 | H98: 3668 | I98: closed | J98: 3 | K98: =IF(B98="","",DATEVALUE(LEFT(B98,10))) -> 45874 | L98: =IF(H98="","",H98/60) -> 61.133333 | M98: =IF(G98="","",G98/60) -> 1.2666667 | N98: =IF(L98="","Open",IF(L98<=IF(E98="Urgent",8,IF(E98="High",24,IF(E98="Normal",48,72))),"Within SLA","Breached")) -> Breached | O98: =IF(J98="","No Rating",IF(J98>=4,"Satisfied",IF(J98=3,"Neutral","Dissatisfied"))) -> Neutral | P98: =IF(I98="Closed","Resolved",IF(I98="Resolved","Resolved","Unresolved")) -> Resolved | Q98: =IF(K98="","",TEXT(K98,"mmm-yyyy")) -> Aug-2025 | R98: =IF(K98="","",DATE(YEAR(K98),MONTH(K98),1)) -> 45870
A99: TCK-000098 | B99: 2025-08-05T09:43:12Z | C99: 1816 | D99: Social | E99: High | F99: Integration | G99: 34 | H99: 828 | I99: closed | K99: =IF(B99="","",DATEVALUE(LEFT(B99,10))) -> 45874 | L99: =IF(H99="","",H99/60) -> 13.8 | M99: =IF(G99="","",G99/60) -> 0.56666667 | N99: =IF(L99="","Open",IF(L99<=IF(E99="Urgent",8,IF(E99="High",24,IF(E99="Normal",48,72))),"Within SLA","Breached")) -> Within SLA | O99: =IF(J99="","No Rating",IF(J99>=4,"Satisfied",IF(J99=3,"Neutral","Dissatisfied"))) -> No Rating | P99: =IF(I99="Closed","Resolved",IF(I99="Resolved","Resolved","Unresolved")) -> Resolved | Q99: =IF(K99="","",TEXT(K99,"mmm-yyyy")) -> Aug-2025 | R99: =IF(K99="","",DATE(YEAR(K99),MONTH(K99),1)) -> 45870
A100: TCK-000099 | B100: 2025-08-05T18:28:48Z | C100: 1256 | D100: Web form | E100: Normal | F100: Data import | G100: 178 | H100: 1213 | I100: resolved | K100: =IF(B100="","",DATEVALUE(LEFT(B100,10))) -> 45874 | L100: =IF(H100="","",H100/60) -> 20.216667 | M100: =IF(G100="","",G100/60) -> 2.9666667 | N100: =IF(L100="","Open",IF(L100<=IF(E100="Urgent",8,IF(E100="High",24,IF(E100="Normal",48,72))),"Within SLA","Breached")) -> Within SLA | O100: =IF(J100="","No Rating",IF(J100>=4,"Satisfied",IF(J100=3,"Neutral","Dissatisfied"))) -> No Rating | P100: =IF(I100="Closed","Resolved",IF(I100="Resolved","Resolved","Unresolved")) -> Resolved | Q100: =IF(K100="","",TEXT(K100,"mmm-yyyy")) -> Aug-2025 | R100: =IF(K100="","",DATE(YEAR(K100),MONTH(K100),1)) -> 45870
...

Sheet Analysis
A1: Metric | B1: Value | D1: status | E1: Count of ticket_id | H1: Count of ticket_id | I1: SLA_Status | N1: Month_Date | O1: Count of ticket_id
A2: Total Tickets | B2: =COUNTA('Clean-Data'!A2:A1001) -> 1000 | D2: closed | E2: 616 | H2: priority | I2: Breached | J2: Open | K2: Within SLA | L2: Grand Total | O2: 1
A3: Resolved Ticket | B3: =COUNTIF('Clean-Data'!P2:P1001,"Resolved") -> 835 | D3: open | E3: 93 | H3: High | J3: 26 | K3: 145 | L3: 171 | N3: 45839 | O3: 84
A4: Unresolved Tickets | B4: =COUNTIF('Clean-Data'!P2:P1001,"Unresolved") -> 165 | D4: pending | E4: 72 | H4: Low | I4: 96 | J4: 39 | K4: 79 | L4: 214 | N4: 45870 | O4: 85
A5: Resolution Rate | B5: =B3/B2 -> 0.835 | D5: resolved | E5: 219 | H5: Normal | I5: 83 | J5: 67 | K5: 255 | L5: 405 | N5: 45901 | O5: 83
A6: Average Response Time (Hours) | B6: =AVERAGE('Clean-Data'!M2:M1001) -> 1.8076167 | D6: Grand Total | E6: 1000 | H6: Urgent | J6: 33 | K6: 177 | L6: 210 | N6: 45931 | O6: 84
A7: Average Resolution Time (Hours) | B7: =AVERAGE('Clean-Data'!L2:L1001) -> 33.61479 | H7: Grand Total | I7: 179 | J7: 165 | K7: 656 | L7: 1000 | N7: 45962 | O7: 83
A8: SLA Compliance % | B8: =COUNTIF('Clean-Data'!N2:N1001,"Within SLA")/B3 -> 0.78562874 | N8: 45992 | O8: 85
A9: Average Satisfaction | B9: =AVERAGE('Clean-Data'!J2:J1001) -> 2.9696395 | N9: 46023 | O9: 85
A10: Unresolved Rate | B10: =B4/B2 -> 0.165 | D10: priority | E10: Count of ticket_id | N10: 46054 | O10: 76
D11: High | E11: 171 | N11: 46082 | O11: 85
A12: Tickets by Channel | D12: Low | E12: 214 | H12: category | I12: Average of resolution_hours | N12: 46113 | O12: 82
A13: Channel | B13: Ticket Count | D13: Normal | E13: 405 | H13: Account | I13: 34.145155 | N13: 46143 | O13: 85
D14: Urgent | E14: 210 | H14: Billing | I14: 34.113441 | N14: 46174 | O14: 82
D15: Grand Total | E15: 1000 | H15: Bug report | I15: 34.926603 | N15: Grand Total | O15: 1000
H16: Data import | I16: 31.922222
H17: Export | I17: 34.811798
D18: channel | E18: Count of ticket_id | H18: Feature request | I18: 36.205303
D19: Chat | E19: 202 | H19: Integration | I19: 33.558648
D20: Email | E20: 199 | H20: Login | I20: 28.245556
D21: Phone | E21: 178 | H21: Performance | I21: 34.587791
D22: Social | E22: 221 | H22: Grand Total | I22: 33.61479
D23: Web form | E23: 200
D24: Grand Total | E24: 1000
D26: category | E26: Count of ticket_id
D27: Account | E27: 107
D28: Billing | E28: 105
D29: Bug report | E29: 130
D30: Data import | E30: 117
D31: Export | E31: 103
D32: Feature request | E32: 101
D33: Integration | E33: 120
D34: Login | E34: 106
D35: Performance | E35: 111
D36: Grand Total | E36: 1000

Sheet Dashboard
A1: Customer Support Operations Dashboard
A3: Total Tickets | C3: Resolution Rate | E3: SLA Compliance | G3: Avg Resolution Time | I3: Avg Satisfaction | L3: Key Insights
A4: =Analysis!B2 -> 1000 | C4: =Analysis!B5 -> 0.835 | E4: =Analysis!B8 -> 0.78562874 | G4: =Analysis!B7 -> 33.61479 | I4: =Analysis!B9 -> 2.9696395 | L4: • 83.5% of tickets were resolved, while 16.5% remained unresolved.
L5: • SLA compliance was 78.6%, with 179 tickets breaching the defined SLA thresholds.
L6: • Normal-priority tickets had the highest volume, with 405 tickets.
L7: • Low-priority tickets had the highest number of SLA breaches, with 96 breaches.
L8: • Chat was the highest-volume support channel, indicating significant customer reliance on real-time support.
L9: • Average resolution time was 33.6 hours, highlighting an opportunity to improve turnaround time and operational efficiency.
